"dataset_id","observacao_id","camada_id","coord_x","coord_y","evento_ano","cos_estoque_kgm2"
"ctb0003","sm-dnos-001",1,-53.794645,-29.651271,2009,1.34
"ctb0003","sm-dnos-002",1,-53.793987,-29.650564,2009,2.25
"ctb0003","sm-dnos-003",1,-53.793993,-29.650232,2009,2.34
"ctb0003","sm-dnos-004",1,-53.794345,-29.650311,2009,3.93
"ctb0003","sm-dnos-005",1,-53.792947,-29.650838,2009,2.74
"ctb0003","sm-dnos-006",1,-53.793499,-29.649951,2009,2.73
"ctb0003","sm-dnos-007",1,-53.793272,-29.649962,2009,3.3
"ctb0003","sm-dnos-008",1,-53.793633,-29.648468,2009,2.31
"ctb0003","sm-dnos-009",1,-53.793707,-29.647836,2009,1.99
"ctb0003","sm-dnos-010",1,-53.793019,-29.64797,2009,3.11
"ctb0003","sm-dnos-011",1,-53.792816,-29.64804,2009,1.48
"ctb0003","sm-dnos-012",1,-53.79206,-29.64927,2009,2.27
"ctb0003","sm-dnos-013",1,-53.79184,-29.648724,2009,2.2
"ctb0003","sm-dnos-014",1,-53.792442,-29.648539,2009,3.19
"ctb0003","sm-dnos-015",1,-53.792655,-29.648548,2009,2.62
"ctb0003","sm-dnos-016",1,-53.792509,-29.647109,2009,2.85
"ctb0003","sm-dnos-017",1,-53.79256,-29.646736,2009,2.63
"ctb0003","sm-dnos-018",1,-53.792256,-29.646199,2009,1.04
"ctb0003","sm-dnos-019",1,-53.792114,-29.645725,2009,3.6
"ctb0003","sm-dnos-020",1,-53.791419,-29.646682,2009,1.75
"ctb0003","sm-dnos-021",1,-53.793887,-29.652717,2009,2.12
"ctb0003","sm-dnos-022",1,-53.790043,-29.648311,2009,1.29
"ctb0003","sm-dnos-023",1,-53.78955,-29.648663,2009,0.37
"ctb0003","sm-dnos-024",1,-53.788403,-29.649114,2009,0.82
"ctb0003","sm-dnos-025",1,-53.786795,-29.650051,2009,1.58
"ctb0003","sm-dnos-026",1,-53.786729,-29.650198,2009,1.78
"ctb0003","sm-dnos-027",1,-53.786439,-29.647667,2009,4.82
"ctb0003","sm-dnos-028",1,-53.786838,-29.647463,2009,1.29
"ctb0003","sm-dnos-029",1,-53.785726,-29.646196,2009,1.27
"ctb0003","sm-dnos-030",1,-53.782776,-29.642239,2009,2
"ctb0003","sm-dnos-031",1,-53.782604,-29.641715,2009,2.5
"ctb0003","sm-dnos-032",1,-53.78358,-29.643612,2009,1.38
"ctb0003","sm-dnos-033",1,-53.783181,-29.644809,2009,3.66
"ctb0003","sm-dnos-034",1,-53.786181,-29.645831,2009,1.74
"ctb0003","sm-dnos-035",1,-53.79162,-29.65165,2009,3.98
"ctb0003","sm-dnos-036",1,-53.790323,-29.650243,2009,2.1
"ctb0003","sm-dnos-037",1,-53.789106,-29.649981,2009,2.59
"ctb0003","sm-dnos-038",1,-53.788766,-29.650904,2009,1.53
"ctb0003","sm-dnos-039",1,-53.788001,-29.651884,2009,1.29
"ctb0003","sm-dnos-040",1,-53.78967,-29.652096,2009,2.27
"ctb0003","sm-dnos-041",1,-53.790849,-29.6533,2009,1.83
"ctb0003","sm-dnos-042",1,-53.788561,-29.654778,2009,2.03
"ctb0003","sm-dnos-043",1,-53.788313,-29.654537,2009,1.44
"ctb0003","sm-dnos-044",1,-53.790373,-29.654251,2009,2.07
"ctb0003","sm-dnos-045",1,-53.796479,-29.653913,2009,3.83
"ctb0003","sm-dnos-046",1,-53.795904,-29.653944,2009,3.63
"ctb0003","sm-dnos-047",1,-53.797283,-29.654583,2009,4.13
"ctb0003","sm-dnos-048",1,-53.799054,-29.654445,2009,3.28
"ctb0003","sm-dnos-049",1,-53.799533,-29.653968,2009,4.79
"ctb0003","sm-dnos-050",1,-53.799876,-29.653101,2009,3.92
"ctb0003","sm-dnos-051",1,-53.798608,-29.653072,2009,1.06
"ctb0003","sm-dnos-052",1,-53.797866,-29.653518,2009,3.15
"ctb0003","sm-dnos-053",1,-53.795823,-29.653543,2009,2.12
"ctb0003","sm-dnos-054",1,-53.794759,-29.65719,2009,4.28
"ctb0003","sm-dnos-055",1,-53.798576,-29.655777,2009,2.2
"ctb0003","sm-dnos-056",1,-53.800101,-29.656367,2009,2.77
"ctb0003","sm-dnos-057",1,-53.802126,-29.656873,2009,4.19
"ctb0003","sm-dnos-058",1,-53.801405,-29.657328,2009,2.43
"ctb0003","sm-dnos-059",1,-53.795093,-29.656811,2009,1.84
"ctb0003","sm-dnos-060",1,-53.79213,-29.655161,2009,1.93
"ctb0003","sm-dnos-061",1,-53.793303,-29.655905,2009,1.83
"ctb0003","sm-dnos-062",1,-53.799539,-29.652645,2009,2.9
"ctb0003","sm-dnos-063",1,-53.807537,-29.652779,2009,3.63
"ctb0003","sm-dnos-064",1,-53.806834,-29.652269,2009,3.47
"ctb0003","sm-dnos-065",1,-53.806154,-29.651724,2009,2.64
"ctb0003","sm-dnos-066",1,-53.808047,-29.651232,2009,1.45
"ctb0003","sm-dnos-067",1,-53.810477,-29.650894,2009,2.02
"ctb0003","sm-dnos-068",1,-53.810061,-29.650623,2009,1.92
"ctb0003","sm-dnos-069",1,-53.804721,-29.651086,2009,2.96
"ctb0003","sm-dnos-070",1,-53.803219,-29.651684,2009,4.11
"ctb0003","sm-dnos-071",1,-53.804261,-29.652893,2009,3.56
"ctb0003","sm-dnos-072",1,-53.802675,-29.652871,2009,3.89
"ctb0003","sm-dnos-073",1,-53.803316,-29.653768,2009,5.51
"ctb0003","sm-dnos-074",1,-53.802057,-29.65548,2009,1.97
"ctb0003","sm-dnos-075",1,-53.801966,-29.654216,2009,3.61
"ctb0003","sm-dnos-076",1,-53.801884,-29.651857,2009,4.31
"ctb0003","sm-dnos-077",1,-53.801571,-29.649229,2009,3.15
"ctb0003","sm-dnos-078",1,-53.800074,-29.648679,2009,5.47
"ctb0003","sm-dnos-079",1,-53.798709,-29.649183,2009,4.95
"ctb0003","sm-dnos-080",1,-53.79658,-29.647794,2009,3.78
"ctb0003","sm-dnos-081",1,-53.798624,-29.647548,2009,3.6
"ctb0003","sm-dnos-082",1,-53.800643,-29.646427,2009,2.1
"ctb0003","sm-dnos-083",1,-53.801826,-29.646066,2009,3.17
"ctb0003","sm-dnos-084",1,-53.802176,-29.648401,2009,4.24
"ctb0003","sm-dnos-085",1,-53.800361,-29.651218,2009,3
"ctb0003","sm-dnos-086",1,-53.79877,-29.651636,2009,4.45
"ctb0003","sm-dnos-087",1,-53.797196,-29.650298,2009,4.81
"ctb0003","sm-dnos-088",1,-53.796987,-29.649121,2009,2.75
"ctb0003","sm-dnos-089",1,-53.794885,-29.649711,2009,3.74
"ctb0003","sm-dnos-090",1,-53.795826,-29.650713,2009,4.06
"ctb0003","sm-dnos-091",1,-53.796188,-29.652779,2009,4.28
"ctb0003","sm-dnos-092",1,-53.794408,-29.654742,2009,2.75
"ctb0003","sm-dnos-093",1,-53.797649,-29.657177,2009,3.7
"ctb0003","sm-dnos-094",1,-53.800373,-29.655175,2009,2.25
"ctb0003","sm-dnos-095",1,-53.806399,-29.654389,2009,5.79
"ctb0003","sm-dnos-096",1,-53.804268,-29.656062,2009,7.24
"ctb0003","sm-dnos-097",1,-53.805302,-29.657426,2009,4.23
"ctb0003","sm-dnos-098",1,-53.807257,-29.657608,2009,6.21
"ctb0003","sm-dnos-099",1,-53.80759,-29.656464,2009,2.49
"ctb0003","sm-dnos-100",1,-53.809483,-29.655057,2009,6.36
"ctb0003","sm-dnos-101",1,-53.810455,-29.653456,2009,3.07
"ctb0003","sm-dnos-102",1,-53.813868,-29.653407,2009,6.96
"ctb0003","sm-dnos-103",1,-53.815807,-29.651554,2009,5.21
"ctb0003","sm-dnos-104",1,-53.817632,-29.649864,2009,5.22
"ctb0003","sm-dnos-105",1,-53.818873,-29.647536,2009,4.19
"ctb0003","sm-dnos-106",1,-53.820936,-29.647208,2009,6.29
"ctb0003","sm-dnos-107",1,-53.819961,-29.644967,2009,10.63
"ctb0003","sm-dnos-108",1,-53.817577,-29.645775,2009,5.18
"ctb0003","sm-dnos-109",1,-53.816721,-29.644392,2009,3.76
"ctb0003","sm-dnos-110",1,-53.816153,-29.646251,2009,6.78
"ctb0003","sm-dnos-111",1,-53.816611,-29.648404,2009,6.01
"ctb0003","sm-dnos-112",1,-53.811275,-29.6551,2009,5.6
"ctb0003","sm-dnos-113",1,-53.807366,-29.653931,2009,3.54
"ctb0003","sm-dnos-114",1,-53.808993,-29.651437,2009,2.27
"ctb0003","sm-dnos-115",1,-53.812923,-29.649653,2009,5.28
"ctb0003","sm-dnos-116",1,-53.813232,-29.65128,2009,1.58
"ctb0003","sm-dnos-117",1,-53.814701,-29.649635,2009,2.18
"ctb0003","sm-dnos-118",1,-53.81388,-29.647975,2009,6.62
"ctb0003","sm-dnos-119",1,-53.814177,-29.646382,2009,6.34
"ctb0003","sm-dnos-120",1,-53.814058,-29.644258,2009,2.89
"ctb0003","sm-dnos-121",1,-53.812037,-29.643926,2009,5.4
"ctb0003","sm-dnos-122",1,-53.810899,-29.641713,2009,1.52
"ctb0003","sm-dnos-123",1,-53.803386,-29.649988,2009,5.1
"ctb0003","sm-dnos-124",1,-53.80643,-29.649006,2009,2.24
"ctb0003","sm-dnos-125",1,-53.808957,-29.648853,2009,1.54
"ctb0003","sm-dnos-126",1,-53.811243,-29.649264,2009,2.39
"ctb0003","sm-dnos-127",1,-53.811811,-29.647241,2009,1.62
"ctb0003","sm-dnos-128",1,-53.808963,-29.64702,2009,1.2
"ctb0003","sm-dnos-129",1,-53.806336,-29.647018,2009,1.58
"ctb0003","sm-dnos-130",1,-53.804158,-29.647128,2009,1.48
"ctb0003","sm-dnos-131",1,-53.805031,-29.643413,2009,1.57
"ctb0003","sm-dnos-132",1,-53.804305,-29.645335,2009,2.77
"ctb0003","sm-dnos-133",1,-53.80691,-29.644425,2009,1.57
"ctb0003","sm-dnos-134",1,-53.809659,-29.64505,2009,3.11
"ctb0003","sm-dnos-135",1,-53.812042,-29.645162,2009,3.57
"ctb0003","sm-dnos-136",1,-53.814595,-29.641137,2009,5.15
"ctb0003","sm-dnos-137",1,-53.814757,-29.642793,2009,2.46
"ctb0003","sm-dnos-138",1,-53.809797,-29.642767,2009,2.56
"ctb0003","sm-dnos-139",1,-53.806685,-29.641557,2009,2.93
"ctb0003","sm-dnos-140",1,-53.787549,-29.641442,2009,5
"ctb0003","sm-dnos-141",1,-53.790576,-29.642679,2009,1.97
"ctb0003","sm-dnos-142",1,-53.788381,-29.63922,2009,4.04
"ctb0003","sm-dnos-143",1,-53.786019,-29.637508,2009,6.86
"ctb0003","sm-dnos-144",1,-53.788554,-29.637093,2009,5.46
"ctb0003","sm-dnos-145",1,-53.785555,-29.634745,2009,6.08
"ctb0003","sm-dnos-146",1,-53.782922,-29.63555,2009,5.66
"ctb0003","sm-dnos-147",1,-53.770017,-29.640732,2009,4.45
"ctb0003","sm-dnos-148",1,-53.773006,-29.640575,2009,5.79
"ctb0003","sm-dnos-149",1,-53.775973,-29.639462,2009,6.61
"ctb0003","sm-dnos-150",1,-53.776691,-29.637458,2009,1.33
"ctb0003","sm-dnos-151",1,-53.773347,-29.637918,2009,5.06
"ctb0003","sm-dnos-152",1,-53.770344,-29.638366,2009,5.18
"ctb0003","sm-dnos-153",1,-53.774149,-29.6352,2009,3.58
"ctb0003","sm-dnos-154",1,-53.770128,-29.635703,2009,4.24
"ctb0003","sm-dnos-155",1,-53.770967,-29.633143,2009,4.79
"ctb0003","sm-dnos-156",1,-53.775819,-29.630383,2009,5.47
"ctb0003","sm-dnos-157",1,-53.771754,-29.630468,2009,6.5
"ctb0003","sm-dnos-158",1,-53.772261,-29.627864,2009,5.36
"ctb0003","sm-dnos-159",1,-53.793845,-29.641301,2009,2.7
"ctb0003","sm-dnos-160",1,-53.795824,-29.63928,2009,5.33
"ctb0003","sm-dnos-161",1,-53.792181,-29.639704,2009,2.98
"ctb0003","sm-dnos-162",1,-53.793533,-29.637754,2009,3.4
"ctb0003","sm-dnos-163",1,-53.791644,-29.637043,2009,2.76
"ctb0003","sm-dnos-164",1,-53.79277,-29.634679,2009,3.61
"ctb0003","sm-dnos-165",1,-53.793491,-29.632815,2009,2.66
"ctb0003","sm-dnos-166",1,-53.792412,-29.632731,2009,1.62
"ctb0003","sm-dnos-167",1,-53.789929,-29.631019,2009,2.77
"ctb0003","sm-dnos-168",1,-53.789562,-29.633504,2009,10.92
"ctb0003","sm-dnos-169",1,-53.808173,-29.640348,2009,2.95
"ctb0003","sm-dnos-170",1,-53.791219,-29.659826,2009,1.93
"ctb0003","sm-dnos-171",1,-53.791357,-29.661561,2009,1.65
"ctb0003","sm-dnos-172",1,-53.790273,-29.661112,2009,1.81
"ctb0003","sm-dnos-173",1,-53.788316,-29.660327,2009,4.24
"ctb0003","sm-dnos-174",1,-53.791491,-29.657305,2009,2.84
"ctb0003","sm-dnos-175",1,-53.788747,-29.656993,2009,3.39
"ctb0003","sm-dnos-176",1,-53.785327,-29.65311,2009,2.29
"ctb0003","sm-dnos-177",1,-53.783219,-29.651386,2009,6.07
"ctb0003","sm-dnos-178",1,-53.783879,-29.649234,2009,3.97
"ctb0003","sm-dnos-179",1,-53.780514,-29.648612,2009,3.25
"ctb0003","sm-dnos-180",1,-53.778733,-29.646016,2009,4.18
"ctb0003","sm-dnos-181",1,-53.777791,-29.644165,2009,4.84
"ctb0003","sm-dnos-182",1,-53.77652,-29.642462,2009,2.4
"ctb0003","sm-dnos-183",1,-53.772698,-29.64255,2009,1.39
"ctb0003","sm-dnos-184",1,-53.773951,-29.632775,2009,7.27
"ctb0003","sm-dnos-185",1,-53.77524,-29.62796,2009,4.55
"ctb0003","sm-dnos-186",1,-53.779236,-29.630274,2009,2.83
"ctb0003","sm-dnos-187",1,-53.779139,-29.628052,2009,5.39
"ctb0003","sm-dnos-188",1,-53.783342,-29.627437,2009,6.26
"ctb0003","sm-dnos-189",1,-53.785368,-29.628124,2009,4.34
"ctb0003","sm-dnos-190",1,-53.785349,-29.625145,2009,3.08
"ctb0003","sm-dnos-191",1,-53.787398,-29.62342,2009,5.8
"ctb0003","sm-dnos-192",1,-53.788318,-29.621231,2009,6.35
"ctb0003","sm-dnos-193",1,-53.790046,-29.61797,2009,3.47
"ctb0003","sm-dnos-194",1,-53.7917,-29.615567,2009,6.16
"ctb0003","sm-dnos-195",1,-53.793258,-29.618216,2009,5.85
"ctb0003","sm-dnos-196",1,-53.795506,-29.614269,2009,5.75
"ctb0003","sm-dnos-197",1,-53.793946,-29.611541,2009,6.03
"ctb0003","sm-dnos-198",1,-53.796737,-29.61049,2009,4.89
"ctb0003","sm-dnos-199",1,-53.798536,-29.612433,2009,5.02
"ctb0003","sm-dnos-200",1,-53.796745,-29.616664,2009,6.39
"ctb0003","sm-dnos-201",1,-53.797217,-29.619087,2009,5.83
"ctb0003","sm-dnos-202",1,-53.789514,-29.625137,2009,3.13
"ctb0003","sm-dnos-203",1,-53.791354,-29.624543,2009,3.73
"ctb0003","sm-dnos-204",1,-53.792262,-29.620957,2009,9.19
"ctb0003","sm-dnos-205",1,-53.795304,-29.621054,2009,3.08
"ctb0003","sm-dnos-206",1,-53.79328,-29.624849,2009,4.82
"ctb0003","sm-dnos-207",1,-53.797944,-29.624563,2009,7.36
"ctb0003","sm-dnos-208",1,-53.798718,-29.621531,2009,4.09
"ctb0003","sm-dnos-209",1,-53.80126,-29.628894,2009,7.01
"ctb0003","sm-dnos-210",1,-53.800734,-29.624383,2009,4.93
"ctb0003","sm-dnos-211",1,-53.801974,-29.622385,2009,7.29
"ctb0003","sm-dnos-212",1,-53.805302,-29.622928,2009,4.75
"ctb0003","sm-dnos-213",1,-53.804503,-29.620519,2009,3.41
"ctb0003","sm-dnos-214",1,-53.801228,-29.618387,2009,7.59
"ctb0003","sm-dnos-215",1,-53.822924,-29.623346,2009,4.47
"ctb0003","sm-dnos-216",1,-53.819207,-29.621771,2009,7.53
"ctb0003","sm-dnos-217",1,-53.816321,-29.620647,2009,4.64
"ctb0003","sm-dnos-218",1,-53.817553,-29.616431,2009,7.05
"ctb0003","sm-dnos-219",1,-53.816231,-29.618045,2009,6.13
"ctb0003","sm-dnos-220",1,-53.813617,-29.614749,2009,7.26
"ctb0003","sm-dnos-221",1,-53.812664,-29.616864,2009,6.73
"ctb0003","sm-dnos-222",1,-53.813449,-29.619463,2009,6.17
"ctb0003","sm-dnos-223",1,-53.809642,-29.617424,2009,6.03
"ctb0003","sm-dnos-224",1,-53.81223,-29.610305,2009,7.87
"ctb0003","sm-dnos-225",1,-53.809643,-29.613359,2009,7.13
"ctb0003","sm-dnos-226",1,-53.80738,-29.615494,2009,8.32
"ctb0003","sm-dnos-227",1,-53.817121,-29.624174,2009,1.94
"ctb0003","sm-dnos-228",1,-53.815956,-29.626721,2009,1.3
"ctb0003","sm-dnos-229",1,-53.814091,-29.629407,2009,4.43
"ctb0003","sm-dnos-230",1,-53.81169,-29.631197,2009,2.84
"ctb0003","sm-dnos-231",1,-53.813642,-29.63279,2009,3.84
"ctb0003","sm-dnos-232",1,-53.820196,-29.623587,2009,7.37
"ctb0003","sm-dnos-233",1,-53.818971,-29.626035,2009,2.46
"ctb0003","sm-dnos-234",1,-53.818497,-29.628662,2009,5.75
"ctb0003","sm-dnos-235",1,-53.816122,-29.630581,2009,5.3
"ctb0003","sm-dnos-236",1,-53.816982,-29.633061,2009,5.4
"ctb0003","sm-dnos-237",1,-53.813183,-29.638562,2009,7.81
"ctb0003","sm-dnos-238",1,-53.814983,-29.638336,2009,5.47
"ctb0003","sm-dnos-239",1,-53.814512,-29.635772,2009,5.4
"ctb0003","sm-dnos-240",1,-53.817575,-29.636101,2009,6.19
"ctb0003","sm-dnos-241",1,-53.817617,-29.639731,2009,2.53
"ctb0003","sm-dnos-242",1,-53.821581,-29.64418,2009,3.99
"ctb0003","sm-dnos-243",1,-53.816667,-29.643214,2009,0.72
"ctb0003","sm-dnos-244",1,-53.811389,-29.633871,2009,3.95
"ctb0003","sm-dnos-245",1,-53.810934,-29.63668,2009,2.56
"ctb0003","sm-dnos-246",1,-53.807824,-29.635346,2009,1.51
"ctb0003","sm-dnos-247",1,-53.805437,-29.635722,2009,4.47
"ctb0003","sm-dnos-248",1,-53.810392,-29.639428,2009,1.74
"ctb0003","sm-dnos-249",1,-53.806943,-29.61889,2009,5.26
"ctb0003","sm-dnos-250",1,-53.800208,-29.615565,2009,5.03
"ctb0003","sm-dnos-251",1,-53.804678,-29.617042,2009,3.89
"ctb0003","sm-dnos-252",1,-53.808918,-29.611013,2009,7.11
"ctb0003","sm-dnos-253",1,-53.814113,-29.608149,2009,7.11
"ctb0003","sm-dnos-254",1,-53.811593,-29.607023,2009,6.12
"ctb0003","sm-dnos-255",1,-53.809653,-29.608535,2009,4.8
"ctb0003","sm-dnos-256",1,-53.803377,-29.614425,2009,6.46
"ctb0003","sm-dnos-257",1,-53.802224,-29.611576,2009,4.96
"ctb0003","sm-dnos-258",1,-53.811102,-29.622458,2009,4.1
"ctb0003","sm-dnos-259",1,-53.802164,-29.606817,2009,6.51
"ctb0003","sm-dnos-260",1,-53.80344,-29.608928,2009,7.15
"ctb0003","sm-dnos-261",1,-53.8011,-29.60458,2009,7.2
"ctb0003","sm-dnos-262",1,-53.798785,-29.606302,2009,6.97
"ctb0003","sm-dnos-263",1,-53.796683,-29.607925,2009,4.93
"ctb0003","sm-dnos-264",1,-53.799702,-29.608878,2009,5.54
"ctb0003","sm-dnos-265",1,-53.806341,-29.609803,2009,5.48
"ctb0003","sm-dnos-266",1,-53.806074,-29.607538,2009,7.5
"ctb0003","sm-dnos-267",1,-53.80544,-29.612475,2009,13.12
"ctb0003","sm-dnos-268",1,-53.808803,-29.627639,2009,1.05
"ctb0003","sm-dnos-269",1,-53.806173,-29.626229,2009,1.69
"ctb0003","sm-dnos-270",1,-53.804337,-29.62449,2009,1.66
"ctb0003","sm-dnos-271",1,-53.805212,-29.627586,2009,5.3
"ctb0003","sm-dnos-272",1,-53.806629,-29.628861,2009,1.44
"ctb0003","sm-dnos-273",1,-53.805395,-29.630352,2009,3.7
"ctb0003","sm-dnos-274",1,-53.808268,-29.629849,2009,3.68
"ctb0003","sm-dnos-275",1,-53.807248,-29.632673,2009,1.88
"ctb0003","sm-dnos-276",1,-53.805602,-29.633343,2009,2.33
"ctb0003","sm-dnos-277",1,-53.811908,-29.628733,2009,3.73
"ctb0003","sm-dnos-278",1,-53.807237,-29.638006,2009,3.93
"ctb0003","sm-dnos-279",1,-53.805625,-29.640199,2009,1.64
"ctb0003","sm-dnos-280",1,-53.799526,-29.640821,2009,1.64
"ctb0003","sm-dnos-281",1,-53.799216,-29.643972,2009,1.91
"ctb0003","sm-dnos-282",1,-53.808783,-29.62472,2009,4.61
"ctb0003","sm-dnos-283",1,-53.807754,-29.622186,2009,3.88
"ctb0003","sm-dnos-284",1,-53.810271,-29.619944,2009,3.46
"ctb0003","sm-dnos-285",1,-53.81328,-29.621779,2009,3.67
"ctb0003","sm-dnos-286",1,-53.813476,-29.624584,2009,1.86
"ctb0003","sm-dnos-287",1,-53.811515,-29.625887,2009,3.85
"ctb0003","sm-dnos-288",1,-53.793397,-29.643112,2009,4.15
"ctb0003","sm-dnos-289",1,-53.794785,-29.644984,2009,8.09
"ctb0003","sm-dnos-290",1,-53.79614,-29.64296,2009,2.38
"ctb0003","sm-dnos-291",1,-53.797432,-29.645902,2009,2.72
"ctb0003","sm-dnos-292",1,-53.805281,-29.605145,2009,4.03
"ctb0003","sm-dnos-293",1,-53.802114,-29.626737,2009,6.43
"ctb0003","sm-dnos-294",1,-53.787525,-29.625315,2009,5.09
"ctb0003","sm-dnos-295",1,-53.787066,-29.630181,2009,5.5
"ctb0003","sm-dnos-296",1,-53.785893,-29.631712,2009,4.97
"ctb0003","sm-dnos-297",1,-53.781947,-29.633002,2009,2.99
"ctb0003","sm-dnos-298",1,-53.778198,-29.633508,2009,3.92
"ctb0003","sm-dnos-299",1,-53.776262,-29.634397,2009,1.66
"ctb0003","sm-dnos-300",1,-53.779644,-29.640146,2009,1.88
"ctb0003","sm-dnos-301",1,-53.781591,-29.638951,2009,2.64
"ctb0003","sm-dnos-302",1,-53.779321,-29.636665,2009,2.55
"ctb0003","sm-dnos-303",1,-53.782053,-29.629925,2009,14.36
"ctb0003","sm-dnos-304",1,-53.781895,-29.646936,2009,4.38
"ctb0003","sm-dnos-305",1,-53.78165,-29.643288,2009,2.09
"ctb0003","sm-dnos-306",1,-53.783971,-29.641426,2009,1.92
"ctb0003","sm-dnos-307",1,-53.78928,-29.645178,2009,3.1
"ctb0003","sm-dnos-308",1,-53.801995,-29.643462,2009,1.92
"ctb0003","sm-dnos-309",1,-53.798483,-29.638399,2009,4.9
"ctb0003","sm-dnos-310",1,-53.796176,-29.636379,2009,1.75
"ctb0003","sm-dnos-311",1,-53.796364,-29.634465,2009,2.25
"ctb0003","sm-dnos-312",1,-53.801775,-29.631777,2009,3.63
"ctb0003","sm-dnos-313",1,-53.798727,-29.631263,2009,1.04
"ctb0003","sm-dnos-314",1,-53.796921,-29.625943,2009,6.61
"ctb0003","sm-dnos-315",1,-53.793425,-29.628681,2009,6.24
"ctb0003","sm-dnos-316",1,-53.796474,-29.630243,2009,5.72
"ctb0003","sm-dnos-317",1,-53.798254,-29.629007,2009,2.21
"ctb0003","sm-dnos-318",1,-53.802661,-29.635847,2009,3.19
"ctb0003","sm-dnos-319",1,-53.803755,-29.637746,2009,2.93
"ctb0003","sm-dnos-320",1,-53.802998,-29.639039,2009,10.93
"ctb0003","sm-dnos-321",1,-53.801426,-29.638301,2009,2.27
"ctb0003","sm-dnos-322",1,-53.799553,-29.635547,2009,3.46
"ctb0003","sm-dnos-323",1,-53.802428,-29.641051,2009,3.95
"ctb0003","sm-dnos-324",1,-53.787873,-29.625082,2011,3.21
"ctb0003","sm-dnos-325",1,-53.786644,-29.62871,2011,6.36
"ctb0003","sm-dnos-326",1,-53.788389,-29.628381,2011,4.53
"ctb0003","sm-dnos-327",1,-53.788474,-29.626886,2011,7.13
"ctb0003","sm-dnos-328",1,-53.788732,-29.626399,2011,3.74
"ctb0003","sm-dnos-329",1,-53.788224,-29.627674,2011,3.3
"ctb0003","sm-dnos-330",1,-53.789644,-29.627991,2011,5.59
"ctb0003","sm-dnos-331",1,-53.790217,-29.627805,2011,4.91
"ctb0003","sm-dnos-332",1,-53.79037,-29.622202,2011,6.64
"ctb0003","sm-dnos-333",1,-53.793849,-29.623116,2011,4.95
"ctb0003","sm-dnos-334",1,-53.794571,-29.623717,2011,5.19
"ctb0003","sm-dnos-335",1,-53.795534,-29.62455,2011,4.66
"ctb0003","sm-dnos-336",1,-53.797046,-29.626271,2011,8.32
"ctb0003","sm-dnos-337",1,-53.796533,-29.626693,2011,6.54
"ctb0003","sm-dnos-338",1,-53.797059,-29.628048,2011,5.46
"ctb0003","sm-dnos-339",1,-53.799666,-29.627511,2011,5.03
"ctb0003","sm-dnos-340",1,-53.795503,-29.629005,2011,4.02
"ctb0003","sm-dnos-341",1,-53.805933,-29.641887,2013,1.53
"ctb0003","sm-dnos-342",1,-53.806853,-29.642282,2013,1.14
"ctb0003","sm-dnos-343",1,-53.807792,-29.64265,2013,2.22
"ctb0003","sm-dnos-344",1,-53.808722,-29.643027,2013,2.02
"ctb0003","sm-dnos-345",1,-53.809662,-29.643413,2013,2.13
"ctb0003","sm-dnos-346",1,-53.80773,-29.640775,2013,3.39
"ctb0003","sm-dnos-347",1,-53.808717,-29.640989,2013,2.85
"ctb0003","sm-dnos-348",1,-53.809787,-29.641237,2013,2.95
"ctb0003","sm-dnos-349",1,-53.81069,-29.641407,2013,3.9
"ctb0003","sm-dnos-350",1,-53.811657,-29.641666,2013,3.39
"ctb0003","sm-dnos-351",1,-53.807954,-29.649601,2013,2.45
"ctb0003","sm-dnos-352",1,-53.808951,-29.649417,2013,1.7
"ctb0003","sm-dnos-353",1,-53.809981,-29.649341,2013,1.37
"ctb0003","sm-dnos-354",1,-53.811022,-29.649265,2013,2.57
"ctb0003","sm-dnos-355",1,-53.812053,-29.649189,2013,1.71
"ctb0003","sm-dnos-356",1,-53.815417,-29.632819,2012,3.78
"ctb0003","sm-dnos-357",1,-53.814453,-29.632308,2012,2.01
"ctb0003","sm-dnos-358",1,-53.813526,-29.632003,2012,3.99
"ctb0003","sm-dnos-359",1,-53.812514,-29.631627,2013,3.03
"ctb0003","sm-dnos-360",1,-53.811566,-29.631305,2013,14.92
"ctb0003","sm-dnos-361",1,-53.787474,-29.623597,2012,4.85
"ctb0003","sm-dnos-362",1,-53.786729,-29.62428,2012,5.7
"ctb0003","sm-dnos-363",1,-53.786023,-29.624881,2012,5.61
"ctb0003","sm-dnos-364",1,-53.785329,-29.625572,2012,5.28
"ctb0003","sm-dnos-365",1,-53.784594,-29.626228,2012,5.78
"ctb0003","sm-dnos-366",1,-53.775854,-29.637668,2013,3.04
"ctb0003","sm-dnos-367",1,-53.775065,-29.638261,2013,4.04
"ctb0003","sm-dnos-368",1,-53.774265,-29.638837,2013,5.74
"ctb0003","sm-dnos-369",1,-53.773475,-29.639413,2013,3.11
"ctb0003","sm-dnos-370",1,-53.772686,-29.639998,2013,3.41
"ctb0003","sm-dnos-371",1,-53.791783,-29.651431,2012,3.42
"ctb0003","sm-dnos-372",1,-53.790984,-29.652034,2012,2.64
"ctb0003","sm-dnos-373",1,-53.790196,-29.652664,2012,3.29
"ctb0003","sm-dnos-374",1,-53.789439,-29.653311,2012,2.31
"ctb0003","sm-dnos-375",1,-53.788711,-29.653849,2012,1.89
"ctb0003","sm-dnos-376",1,-53.798455,-29.616411,2012,4.86
"ctb0003","sm-dnos-377",1,-53.798779,-29.617297,2012,5.82
"ctb0003","sm-dnos-378",1,-53.79908,-29.618103,2012,5.2
"ctb0003","sm-dnos-379",1,-53.799403,-29.618962,2012,3.2
"ctb0003","sm-dnos-380",1,-53.799727,-29.619839,2012,4.29
"ctb0003","sm-dnos-381",1,-53.809508,-29.627858,2012,4.07
"ctb0003","sm-dnos-382",1,-53.808711,-29.628533,2012,3.52
"ctb0003","sm-dnos-383",1,-53.80789,-29.629073,2012,1.64
"ctb0003","sm-dnos-384",1,-53.807069,-29.629605,2012,1.66
"ctb0003","sm-dnos-385",1,-53.806321,-29.63018,2012,1.81
"ctb0003","sm-dnos-386",1,-53.817653,-29.645264,2013,7.16
"ctb0003","sm-dnos-387",1,-53.816633,-29.644952,2013,6.77
"ctb0003","sm-dnos-388",1,-53.815736,-29.644637,2013,6.58
"ctb0003","sm-dnos-389",1,-53.814786,-29.644251,2013,1.83
"ctb0003","sm-dnos-390",1,-53.813846,-29.643883,2013,3.04
"ctb0003","sm-dnos-391",1,-53.803137,-29.613651,2012,4.07
"ctb0003","sm-dnos-392",1,-53.802267,-29.613174,2012,8.19
"ctb0003","sm-dnos-393",1,-53.801399,-29.612732,2012,5.25
"ctb0003","sm-dnos-394",1,-53.800487,-29.612246,2012,5.63
"ctb0003","sm-dnos-395",1,-53.799588,-29.611823,2012,6.63
"ctb0003","sm-dnos-396",1,-53.806504,-29.610721,2012,7.71
"ctb0003","sm-dnos-397",1,-53.806146,-29.611576,2012,7.08
"ctb0003","sm-dnos-398",1,-53.805798,-29.61245,2012,5.07
"ctb0003","sm-dnos-399",1,-53.805428,-29.61326,2012,3.5
"ctb0003","sm-dnos-400",1,-53.805081,-29.614124,2012,6.89
"ctb0005","P1",1,-53.78642589,-29.71285047,2011,1.63
"ctb0005","P2",1,-54.1674194,-29.64256845,2011,4.07
"ctb0005","P3",1,-54.32826095,-29.64047901,2011,7.71
"ctb0005","P4",1,-54.32683918,-29.64036014,2011,4.65
"ctb0005","P5",1,-54.343523,-29.64240944,2011,6.72
"ctb0005","P6",1,-54.40957212,-29.64827225,2011,7.23
"ctb0019","G1",1,-50.22795,-29.48919,2005,8.06
"ctb0019","G2",1,-50.228016,-29.487262,2005,13.53
"ctb0019","G3",1,-50.20606,-29.48129,2005,9.79
"ctb0019","GS5",1,-50.207928,-29.487218,2005,10.01
"ctb0019","P1",1,-50.231766,-29.475679,2005,9.56
"ctb0019","P2",1,-50.226229,-29.47674,2005,10.16
"ctb0022","L100",1,-51.04921648,-23.41574799,2011,5.14
"ctb0022","L101",1,-51.04848169,-23.36009587,2011,4.89
"ctb0022","L44",1,-51.25969247,-23.55740049,2011,4.04
"ctb0022","L48",1,-51.2910347,-23.50699639,2011,3.83
"ctb0022","L49",1,-51.28645392,-23.49033033,2011,4
"ctb0022","L52",1,-51.09130249,-23.70952077,2011,5.19
"ctb0022","L56",1,-51.0358552,-23.70269681,2011,5.78
"ctb0022","L63",1,-50.92628586,-23.73522793,2011,4.58
"ctb0022","L65",1,-50.99130114,-23.70108387,2011,4.35
"ctb0022","L71",1,-51.01932087,-23.53124027,2011,4.39
"ctb0022","L72",1,-51.02047579,-23.52428483,2011,5.65
"ctb0022","L73",1,-50.99415099,-23.5846614,2011,4.4
"ctb0022","L74",1,-50.98276275,-23.58441666,2011,5.19
"ctb0022","L75",1,-50.97491718,-23.5597922,2011,1.28
"ctb0022","L76",1,-50.97757595,-23.54027269,2011,4
"ctb0022","L77",1,-51.03993361,-23.50093111,2011,4.48
"ctb0022","L78",1,-50.94803845,-23.48698079,2011,6.2
"ctb0022","L79",1,-50.96150762,-23.47553099,2011,6.23
"ctb0022","L80",1,-50.98743856,-23.47128073,2011,5.21
"ctb0022","L81",1,-50.9650338,-23.43501913,2011,5.51
"ctb0022","L82",1,-51.30182626,-23.42850767,2011,5.2
"ctb0022","L85",1,-51.27428671,-23.44116837,2011,3.51
"ctb0022","L86",1,-51.28445462,-23.44397746,2011,4.08
"ctb0022","L87",1,-51.24105958,-23.45184589,2011,5.22
"ctb0022","L88",1,-51.2405896,-23.44101618,2011,3.22
"ctb0022","L89",1,-51.23012531,-23.41337319,2011,5.63
"ctb0022","L90",1,-51.21504271,-23.37125592,2011,3.21
"ctb0022","L91",1,-51.18153628,-23.39754823,2011,4.01
"ctb0022","L92",1,-51.14369256,-23.40806584,2011,4.26
"ctb0022","L93",1,-51.16381281,-23.42958962,2011,5.28
"ctb0022","L94",1,-51.14002843,-23.47896859,2011,3.28
"ctb0022","L95",1,-51.16158261,-23.49535143,2011,5.58
"ctb0022","L96",1,-51.08200554,-23.38228506,2011,3.64
"ctb0022","L97",1,-51.08125319,-23.40019789,2011,3.08
"ctb0022","L98",1,-51.09335166,-23.44461522,2011,4.12
"ctb0022","L99",1,-51.08342436,-23.46016651,2011,4.58
"ctb0036","ACC-10003-2018",1,-53.87568505,-29.6621005,2018,1.64
"ctb0036","ACC-10004-2018",1,-53.87544768,-29.66210566,2018,1.28
"ctb0036","ACC-10005-2018",1,-53.87522063,-29.66211059,2018,1.55
"ctb0036","ACC-10006-2018",1,-53.87499358,-29.66211552,2018,1.78
"ctb0036","ACC-10007-2018",1,-53.87475621,-29.66212067,2018,2.35
"ctb0036","ACC-11002-2018",1,-53.87591774,-29.66229388,2018,2.18
"ctb0036","ACC-11003-2018",1,-53.87569069,-29.66229881,2018,1.81
"ctb0036","ACC-11004-2018",1,-53.87545332,-29.66230396,2018,1.68
"ctb0036","ACC-11005-2018",1,-53.87522627,-29.66230889,2018,1.94
"ctb0036","ACC-11006-2018",1,-53.87499922,-29.66231382,2018,2.39
"ctb0036","ACC-12002-2018",1,-53.87592364,-29.66250119,2018,2
"ctb0036","ACC-12003-2018",1,-53.87569659,-29.66250612,2018,1.94
"ctb0036","ACC-12004-2018",1,-53.87545922,-29.66251127,2018,2.79
"ctb0036","ACC-12005-2018",1,-53.87523217,-29.6625162,2018,1.68
"ctb0036","ACC-13002-2018",1,-53.87592929,-29.66269949,2018,2.16
"ctb0036","ACC-13003-2018",1,-53.87570224,-29.66270442,2018,0.92
"ctb0036","ACC-13004-2018",1,-53.87546486,-29.66270957,2018,1.72
"ctb0036","ACC-13005-2018",1,-53.87523781,-29.6627145,2018,1.87
"ctb0036","ACC-2006-2018",1,-53.87494767,-29.66050207,2018,1.91
"ctb0036","ACC-2007-2018",1,-53.8747103,-29.66050722,2018,1.69
"ctb0036","ACC-3005-2018",1,-53.87518035,-29.66069544,2018,1.11
"ctb0036","ACC-3006-2018",1,-53.87495331,-29.66070037,2018,2.89
"ctb0036","ACC-3007-2018",1,-53.87471594,-29.66070552,2018,2.37
"ctb0036","ACC-3008-2018",1,-53.87448889,-29.66071045,2018,2.62
"ctb0036","ACC-4005-2018",1,-53.875186,-29.66089374,2018,1.17
"ctb0036","ACC-4006-2018",1,-53.87495895,-29.66089867,2018,1.3
"ctb0036","ACC-4007-2018",1,-53.87472158,-29.66090382,2018,6.74
"ctb0036","ACC-5005-2018",1,-53.8751919,-29.66110106,2018,1.59
"ctb0036","ACC-5006-2018",1,-53.87496485,-29.66110598,2018,2.08
"ctb0036","ACC-5007-2018",1,-53.87472748,-29.66111114,2018,2.63
"ctb0036","ACC-6004-2018",1,-53.87542459,-29.66129443,2018,1.54
"ctb0036","ACC-6005-2018",1,-53.87519754,-29.66129936,2018,1.41
"ctb0036","ACC-6006-2018",1,-53.87497049,-29.66130429,2018,2.78
"ctb0036","ACC-6007-2018",1,-53.87473312,-29.66130944,2018,4.23
"ctb0036","ACC-7004-2018",1,-53.87543049,-29.66150174,2018,1
"ctb0036","ACC-7005-2018",1,-53.87520344,-29.66150667,2018,0.97
"ctb0036","ACC-7006-2018",1,-53.87497639,-29.6615116,2018,2.67
"ctb0036","ACC-7007-2018",1,-53.87473902,-29.66151675,2018,1.93
"ctb0036","ACC-8003-2018",1,-53.8756735,-29.66169489,2018,0.65
"ctb0036","ACC-8004-2018",1,-53.87543613,-29.66170004,2018,1.73
"ctb0036","ACC-8005-2018",1,-53.87520908,-29.66170497,2018,2.34
"ctb0036","ACC-8006-2018",1,-53.87498203,-29.6617099,2018,1.54
"ctb0036","ACC-8007-2018",1,-53.87474467,-29.66171505,2018,3.11
"ctb0036","ACC-9003-2018",1,-53.8756794,-29.6619022,2018,0.49
"ctb0036","ACC-9004-2018",1,-53.87544203,-29.66190736,2018,1.16
"ctb0036","ACC-9005-2018",1,-53.87521498,-29.66191229,2018,1.53
"ctb0036","ACC-9006-2018",1,-53.87498793,-29.66191721,2018,1.55
"ctb0036","ACC-9007-2018",1,-53.87475056,-29.66192237,2018,1.77
"ctb0036","ACC-perfil-2008",1,-53.8763354,-29.66100407,2008,5.01
"ctb0562","Perfil-10",NA,-46.05029252,-18.63029928,1985,3.32
"ctb0562","Perfil-11",NA,-46.62031773,-18.80030113,1985,3.08
"ctb0562","Perfil-13",NA,-46.45031146,-19.42031163,1985,3.27
"ctb0562","Perfil-14",NA,-46.62031921,-19.57031382,1985,7.4
"ctb0563","Perfil-1",NA,-70.01783052,-4.39425407,2004,2
"ctb0563","Perfil-2",NA,-70.01930274,-4.3939485,2004,2.92
"ctb0563","Perfil-3",NA,-70.01999719,-4.39378184,2004,1.26
"ctb0563","Perfil-4",NA,-70.01788607,-4.39589296,2004,2.25
"ctb0563","Perfil-5",NA,-70.01788607,-4.39589296,2004,1.62
"ctb0566","Perfil-07",NA,-69.65144115,-4.36011532,2004,2.01
"ctb0566","Perfil-08",NA,-69.60072093,-4.36022536,2004,2
"ctb0566","Perfil-09",NA,-69.60074093,-4.36097536,2004,2.77
"ctb0566","Perfil-10",NA,-69.59994093,-4.35878536,2004,1.98
"ctb0566","Perfil-11",NA,-69.60163093,-4.35619535,2004,2.38
"ctb0566","Perfil-12",NA,-69.60158093,-4.35061533,2004,4.2
"ctb0566","Perfil-13",NA,-69.60361094,-4.35358534,2004,3.21
"ctb0566","Perfil-14",NA,-69.60183093,-4.35561534,2004,1.76
"ctb0566","Perfil-16",NA,-69.60666095,-4.35467534,2004,1.49
"ctb0566","Perfil-18",NA,-69.60549095,-4.35380533,2004,2.53
"ctb0566","Perfil-19",NA,-69.60356094,-4.35624534,2004,2.26
"ctb0566","Perfil-20",NA,-69.60628095,-4.35309533,2004,2.63
"ctb0566","Perfil-21",NA,-69.60128093,-4.35928536,2004,1.72
"ctb0567","Perfil-MBCT1",NA,-41.75260602,-21.51396421,1987,1.9
"ctb0567","Perfil-MBCT2",NA,-41.76288425,-21.50396403,1987,2.32
"ctb0567","Perfil-MBCT3",NA,-41.76093971,-21.49896394,1987,2.1
"ctb0567","Perfil-MBCT4",NA,-41.77344029,-21.51785316,1987,2.61
"ctb0567","Perfil-MBCT5",NA,-41.7701068,-21.51146415,1987,6.47
"ctb0568","Perfil-110",NA,-42.01151553,-22.85189008,1998,3.29
"ctb0568","Perfil-12",NA,-42.2851282,-22.55161008,1998,2.55
"ctb0568","Perfil-2",NA,-42.47624117,-22.60772099,1998,2.49
"ctb0568","Perfil-37",NA,-42.02957029,-22.52272168,1998,2.83
"ctb0568","Perfil-5",NA,-42.40957371,-22.53716525,1998,2.52
"ctb0568","Perfil-50",NA,-42.08651566,-22.66716673,1987,3.63
"ctb0568","Perfil-8",NA,-42.38040698,-22.605499,1998,1.95
"ctb0568","Perfil-83",NA,-42.23929561,-22.93938994,1998,0.41
"ctb0569","10-I-AB-100",1,-51.309444,-14.214444,1996,2.36
"ctb0572","Perfil-003",1,-49.15,-28.62,1987,2.22
"ctb0572","Perfil-005",1,-49.45,-28.33,1987,4.72
"ctb0572","Perfil-006",1,-49.5,-28.77,1987,3.03
"ctb0572","Perfil-007",1,-49.4,-28.78,1987,3.75
"ctb0572","Perfil-009",1,-49.12,-28.57,1987,1.31
"ctb0572","Perfil-021",1,-52.8,-27.1,1987,3.14
"ctb0572","Perfil-025",1,-53.07,-26.83,1987,5.81
"ctb0572","Perfil-026",1,-53.08,-26.87,1987,5.94
"ctb0572","Perfil-027",1,-52.4,-26.78,1987,3.72
"ctb0572","Perfil-028",1,-52.57,-26.5,1987,6.19
"ctb0572","Perfil-029",1,-52.25,-26.52,1987,8.56
"ctb0572","Perfil-031",1,-50.78,-26.28,1987,6.7
"ctb0572","Perfil-032",1,-50.73,-26.27,1987,6.2
"ctb0572","Perfil-033",1,-51.5,-26.62,1987,10.47
"ctb0572","Perfil-034",1,-51.53,-26.67,1987,7.31
"ctb0572","Perfil-035",1,-51.53,-26.67,1987,10.16
"ctb0572","Perfil-047",1,-50.3,-26.17,1988,7.77
"ctb0572","Perfil-050",1,-49.83,-28.23,1988,8.91
"ctb0572","Perfil-053",1,-49.73,-28.15,1985,2.64
"ctb0572","Perfil-054",1,-50.58,-28.05,1985,2.73
"ctb0572","Perfil-055",1,-50.35,-27.78,1985,5.24
"ctb0572","Perfil-056",1,-50.45,-26.93,1985,5.17
"ctb0572","Perfil-063",1,-52.02,-26.58,1985,6.2
"ctb0572","Perfil-064",1,-52.03,-26.87,1985,3.67
"ctb0572","Perfil-065",1,-53.35,-26.27,1985,3.43
"ctb0572","Perfil-066",1,-50.45,-27.28,1985,4.3
"ctb0572","Perfil-078",1,-48.72,-25.98,1985,3.12
"ctb0573","PERFIL-1",NA,-42.28888889,-20.475,1987,12.83
"ctb0573","PERFIL-2",NA,-42.29527778,-20.4975,1987,5.74
"ctb0573","PERFIL-4",NA,-42.29361111,-20.46916667,1987,6.27
"ctb0573","PERFIL-5",NA,-42.29555556,-20.46416667,1987,3.84
"ctb0573","PERFIL-6",NA,-42.2975,-20.49055556,1987,4.53
"ctb0574","GB-10",NA,-43.65453033,-22.87830169,1985,1.87
"ctb0574","GB-11",NA,-43.68693577,-22.95868531,1985,1.43
"ctb0574","GB-13",NA,-43.43168201,-22.89904573,1985,1.19
"ctb0574","GB-15",NA,-43.46553206,-22.90036966,1985,4.05
"ctb0574","GB-17",NA,-43.54715394,-23.05375022,1985,8.03
"ctb0574","GB-20",NA,-43.31876738,-22.93185603,1985,2.88
"ctb0574","GB-21",NA,-43.38890743,-22.89825654,1985,2.93
"ctb0574","GB-22",NA,-43.3290676,-22.96962329,1985,2.1
"ctb0574","GB-24",NA,-43.2722729,-22.971543,1985,4.22
"ctb0574","GB-27",NA,-43.37522168,-22.82119971,1985,2.01
"ctb0574","GB-28",NA,-43.35684765,-22.93619232,1985,2.06
"ctb0574","GB-9",NA,-43.55853055,-22.93643646,1985,1.33
"ctb0577","Lontras-01",NA,-49.48060078,-27.20428875,2006,2.35
"ctb0577","Lontras-02",NA,-49.4908032,-27.20008435,2006,1.96
"ctb0577","Lontras-03",NA,-49.47625251,-27.19368963,2006,1.89
"ctb0577","Lontras-04",NA,-49.48169078,-27.19313485,2006,1.6
"ctb0577","Lontras-05",NA,-49.47196232,-27.19443726,2006,0.5
"ctb0577","Lontras-06",NA,-49.47648419,-27.18406996,2006,0.9
"ctb0577","Lontras-07",NA,-49.47491942,-27.18705875,2006,5.7
"ctb0577","Lontras-08",NA,-49.46210096,-27.15683362,2006,4.26
"ctb0577","Lontras-09",NA,-49.47041886,-27.15587748,2006,4.22
"ctb0577","Lontras-10",NA,-49.47632263,-27.15360385,2006,3.54
"ctb0577","Lontras-11",NA,-49.47501626,-27.1650894,2006,2.04
"ctb0577","Lontras-12",NA,-49.50405404,-27.18221851,2006,2.36
"ctb0577","Lontras-13",NA,-49.51197639,-27.17772635,2006,3.08
"ctb0577","Lontras-14",NA,-49.52247526,-27.18139384,2006,1.07
"ctb0584","P-01-SOS",NA,-54.91666667,-19.22888889,2001,3
"ctb0584","P-02-SOS",NA,-54.52411111,-19.2025,2001,3.69
"ctb0584","P-03-SOS",NA,-54.49902778,-19.21875,2001,4.37
"ctb0585","Perfil-10",NA,-44.16666667,-19.45,1985,6.4
"ctb0585","Perfil-21",NA,-44.16666667,-19.45,1985,4.21
"ctb0594","30-PR-I-89",NA,-51.691719,-24.54234,1985,0.46
"ctb0595","SIPA-1",NA,-43.67277778,-22.75027778,1995,2.05
"ctb0595","SIPA-3",NA,-43.66666667,-22.7525,1995,0.59
"ctb0602","1-XXX-CBCS",NA,-35.23444444,-7.74222222,1995,10.41
"ctb0602","2-XXX-CBCS",NA,-35.14527778,-7.60555556,1995,3.01
"ctb0602","4-XXX-CBCS",NA,-34.95833333,-7.625,1995,2.18
"ctb0602","6-XXX-CBCS",NA,-34.98333333,-8.3,1995,5.36
"ctb0603","PERFIL-No-01",NA,-40.5182615,-9.52947576,2006,0.39
"ctb0603","PERFIL-No02",NA,-40.49601021,-9.5004209,2006,0.52
"ctb0603","PERFIL-No03",NA,-40.32796462,-9.89451764,2006,1.3
"ctb0603","PERFIL-No04",NA,-40.34612823,-9.96548131,2006,2.59
"ctb0607","PERFIL-1",NA,-37.55,-11.06666667,1985,1.5
"ctb0608","01-V-RCC",NA,-34.95166667,-7.63972222,1998,1.66
"ctb0608","02-V-RCC",NA,-34.95166667,-7.64055556,1998,1.64
"ctb0608","03-V-RCC",NA,-34.95138889,-7.64083333,1998,3.24
"ctb0608","04-V-RCC",NA,-37.11083333,-5.52388889,1997,1.03
"ctb0608","05-V-RCC",NA,-37.24555556,-5.36472222,1997,1.74
"ctb0608","06-V-RCC",NA,-37.40694444,-5.19388889,1997,2.01
"ctb0608","07-V-RCC",NA,-37.52305556,-5.24472222,1997,2.02
"ctb0608","08-V-RCC",NA,-37.6875,-5.47888889,1997,3.11
"ctb0608","09-V-RCC",NA,-38.35833333,-6.645,1997,1.94
"ctb0608","10-V-RCC",NA,-38.30333333,-6.72611111,1997,2
"ctb0608","11-V-RCC",NA,-38.255,-6.72694444,1997,2.35
"ctb0608","13-V-RCC",NA,-39.19777778,-8.46194444,1997,1.64
"ctb0608","14-V-RCC",NA,-39.3275,-8.50277778,1997,1.56
"ctb0608","15-V-RCC",NA,-40.414474,-9.394322,1997,1
"ctb0608","16-V-RCC",NA,-40.39166667,-9.19944444,1997,0.81
"ctb0608","17-V-RCC",NA,-40.30722222,-9.06277778,1997,1.72
"ctb0608","19-V-RCC",NA,-40.25194444,-9.04388889,1997,1.4
"ctb0609","Perfil-10",1,-48.3,-17.3,1985,7.27
"ctb0609","Perfil-11",1,-47.78,-18.15,1985,4.12
"ctb0609","Perfil-2",1,-47.43,-16.22,1985,1.71
"ctb0609","Perfil-3",1,-47.32,-16.8,1985,2.09
"ctb0609","Perfil-7",1,-47.07,-15.68,1985,5.77
"ctb0609","Perfil-8",1,-48.65,-15.38,1985,4.49
"ctb0609","Perfil-9",1,-48.38,-15.17,1985,3.35
"ctb0610","Perfil-1",NA,-58.01666667,-16.15,1985,1.55
"ctb0610","Perfil-10",NA,-58.3,-15.71666667,1985,2.57
"ctb0610","Perfil-12",NA,-58.35,-15.45,1985,1.56
"ctb0610","Perfil-17",NA,-58.45,-15.48333333,1985,3.02
"ctb0610","Perfil-29",NA,-57.08333333,-15.45,1985,10.19
"ctb0610","Perfil-3",NA,-57.53333333,-14.61666667,1985,4.67
"ctb0610","Perfil-30",NA,-57,-16.26666667,1985,1.23
"ctb0610","Perfil-32",NA,-59.01666667,-16.21666667,1985,1.23
"ctb0610","Perfil-33",NA,-57.3,-15.18333333,1985,0.98
"ctb0610","Perfil-4",NA,-57.13333333,-14.96666667,1985,1.26
"ctb0610","Perfil-5",NA,-58.75,-15.95,1985,2.83
"ctb0610","Perfil-7",NA,-57.28333333,-14.66666667,1985,3.77
"ctb0610","Perfil-9",NA,-58.11666667,-15.58333333,1985,2.16
"ctb0617","Perfil-1",NA,-48.11666667,-19.33333333,1985,2.59
"ctb0617","Perfil-12",NA,-49.98333333,-19.88333333,1985,2.48
"ctb0617","Perfil-17",NA,-48.01666667,-18.56666667,1985,2.87
"ctb0617","Perfil-18",NA,-49.81666667,-18.71666667,1985,1.75
"ctb0617","Perfil-19",NA,-48.06666667,-20.01666667,1985,3.14
"ctb0617","Perfil-2",NA,-48.01666667,-19.28333333,1985,1.86
"ctb0617","Perfil-23",NA,-48.7,-20.03333333,1985,2.42
"ctb0617","Perfil-25",NA,-47.95,-19.7,1985,1.47
"ctb0617","Perfil-28",NA,-49.6,-19.31666667,1985,3.56
"ctb0617","Perfil-3",NA,-48.15,-19.16666667,1985,1.16
"ctb0617","Perfil-30",NA,-48.51666667,-18.48333333,1985,3.51
"ctb0617","Perfil-31",NA,-48.2,-18.4,1985,3.21
"ctb0617","Perfil-36",NA,-48.88333333,-18.45,1985,4.58
"ctb0617","Perfil-37",NA,-48.2,-18.46666667,1985,2.01
"ctb0617","Perfil-4",NA,-47.85,-19.5,1985,1.33
"ctb0617","Perfil-40",NA,-48.21666667,-18.45,1985,1.35
"ctb0617","Perfil-41",NA,-48.01666667,-18.51666667,1985,1.93
"ctb0617","Perfil-46",NA,-50.15,-19.13333333,1985,12.16
"ctb0617","Perfil-47",NA,-47.68333333,-19.56666667,1985,5.03
"ctb0617","Perfil-48",NA,-50.15,-19.13333333,1985,2.3
"ctb0617","Perfil-5",NA,-47.9,-19.38333333,1985,1.15
"ctb0617","Perfil-54",NA,-50.11666667,-19.13333333,1985,1.56
"ctb0617","Perfil-60",NA,-49.58333333,-19.4,1985,3.95
"ctb0631","Perfil-12",1,-50.08048933,-25.10040218,1985,4.29
"ctb0631","Perfil-14",1,-49.77047074,-23.88038088,1985,5.17
"ctb0631","Perfil-16",1,-53.02061728,-24.23037559,1985,1.89
"ctb0631","Perfil-17",1,-51.13052932,-23.32036653,1985,4.98
"ctb0631","Perfil-19",1,-50.02047883,-23.0203648,1985,3.62
"ctb0631","Perfil-22",1,-52.93061469,-24.52038111,1985,3.12
"ctb0631","Perfil-26",1,-51.3705427,-23.9803774,1985,8.15
"ctb0631","Perfil-3",1,-48.9804445,-26.4504312,1985,3.12
"ctb0631","Perfil-30",1,-51.68055901,-24.55038651,1985,4.58
"ctb0631","Perfil-31",1,-52.42059632,-25.43039966,1985,5.9
"ctb0631","Perfil-34",1,-51.70055858,-24.25038104,1985,3.06
"ctb0631","Perfil-35",1,-52.3505868,-24.08037557,1985,4.24
"ctb0631","Perfil-39",NA,-51.70056527,-25.72040787,1985,5.87
"ctb0631","Perfil-4",1,-52.98060757,-22.50034573,1985,2.2
"ctb0631","Perfil-44",NA,-51.13053052,-23.62037183,1985,4.44
"ctb0631","Perfil-46",NA,-52.67059755,-23.32036099,1985,1.6
"ctb0631","Perfil-5",1,-52.98060757,-22.50034573,1985,1.02
"ctb0631","Perfil-61",NA,-53.20061947,-23.00035342,1985,1.46
"ctb0631","Perfil-64",NA,-52.88060918,-23.83036909,1985,0.85
"ctb0631","Perfil-74",NA,-51.97058131,-26.50042141,1985,5.34
"ctb0631","Perfil-75",NA,-51.38054911,-25.35040223,1985,8.06
"ctb0631","Perfil-9",1,-51.52054676,-23.35036572,1985,2.64
"ctb0636","Perfil-22",NA,-53.9767,-23.1087,1985,1.43
"ctb0637","Perfil-14",NA,-42.61666667,-8.95,1985,2.07
"ctb0637","Perfil-20",NA,-43.05,-8.1,1985,1.31
"ctb0637","Perfil-30",NA,-42.51666667,-9.2,1985,0.82
"ctb0637","Perfil-65",NA,-42.68333333,-5.53333333,1985,1.77
"ctb0637","Perfil-69",NA,-42.16666667,-5.18333333,1985,1.27
"ctb0639","AMOSTRA-EX-10",NA,-46.13333333,-4.55,1985,2.15
"ctb0639","AMOSTRA-EX-11",NA,-46.1,-4.46666667,1985,1.01
"ctb0639","AMOSTRA-EX-12",NA,-46.13333333,-4.51666667,1985,1.21
"ctb0639","AMOSTRA-EX-13",NA,-46.2,-5.28333333,1985,0.56
"ctb0639","AMOSTRA-EX-14",NA,-46.23333333,-4.33333333,1985,2.17
"ctb0639","AMOSTRA-EX-15",NA,-46.1,-5.05,1985,0.56
"ctb0639","AMOSTRA-EX-16",NA,-46.26666667,-5.56666667,1985,1.35
"ctb0639","AMOSTRA-EX-17",NA,-45.61666667,-3.95,1985,0.56
"ctb0639","AMOSTRA-EX-18",NA,-46.11666667,-4.13333333,1985,1.52
"ctb0639","AMOSTRA-EX-19",NA,-45.55,-3.85,1985,1.3
"ctb0639","AMOSTRA-EX-20",NA,-46.33333333,-5.56666667,1985,0.84
"ctb0639","AMOSTRA-EX-21",NA,-46.16666667,-5.46666667,1985,2.2
"ctb0639","AMOSTRA-EX-22",NA,-45.8,-4.03333333,1985,3.51
"ctb0639","AMOSTRA-EX-23",NA,-45.86666667,-4.1,1985,1.13
"ctb0639","AMOSTRA-EX-24",NA,-46.16666667,-4.26666667,1985,0.86
"ctb0639","AMOSTRA-EX-25",NA,-46.03333333,-4.06666667,1985,0.84
"ctb0639","AMOSTRA-EX-26",NA,-46,-4.08333333,1985,0.58
"ctb0639","AMOSTRA-EX-27",NA,-45.91666667,-5.23333333,1985,1.34
"ctb0639","AMOSTRA-EX-28",NA,-46.18333333,-4.45,1985,1.91
"ctb0639","AMOSTRA-EX-29",NA,-46.13333333,-4.28333333,1985,3.12
"ctb0639","AMOSTRA-EX-30",NA,-46.21666667,-4.35,1985,0.61
"ctb0639","AMOSTRA-EX-31",NA,-46.05,-5.1,1985,2.45
"ctb0639","AMOSTRA-EX-32",NA,-46.16666667,-4.58333333,1985,3.58
"ctb0639","AMOSTRA-EX-33",NA,-46.21666667,-4.16666667,1985,5.11
"ctb0639","AMOSTRA-EX-34",NA,-45.96666667,-5.21666667,1985,1.01
"ctb0639","AMOSTRA-EX-35",NA,-46.1,-5.23333333,1985,1.02
"ctb0639","AMOSTRA-EX-36",NA,-45.66666667,-3.9,1985,0.93
"ctb0639","AMOSTRA-EX-37",NA,-45.68333333,-3.86666667,1985,3.42
"ctb0639","AMOSTRA-EX-39",NA,-45.73333333,-4,1985,0.62
"ctb0639","AMOSTRA-EX-40",NA,-46.08333333,-5.2,1985,0.61
"ctb0639","AMOSTRA-EX-41",NA,-45.7,-4.08333333,1985,0.87
"ctb0639","AMOSTRA-EX-42",NA,-46.23333333,-5.4,1985,0.77
"ctb0639","AMOSTRA-EX-43",NA,-46.26666667,-5.68333333,1985,1.29
"ctb0639","AMOSTRA-EX-44",NA,-46.65,-4.45,1985,1.12
"ctb0639","AMOSTRA-EX-45",NA,-46.66666667,-4.4,1985,0.75
"ctb0639","AMOSTRA-EX-46",NA,-46.16666667,-5.23333333,1985,1.14
"ctb0639","AMOSTRA-EX-47",NA,-46.23333333,-4.76666667,1985,1.61
"ctb0639","AMOSTRA-EX-48",NA,-46.6,-4.38333333,1985,0.73
"ctb0639","AMOSTRA-EX-49",NA,-46.58333333,-4.43333333,1985,1.22
"ctb0639","AMOSTRA-EX-50",NA,-46.06666667,-4.53333333,1985,1.19
"ctb0639","AMOSTRA-EX-51",NA,-45.86666667,-4.15,1985,1.41
"ctb0639","AMOSTRA-EX-52",NA,-46.13333333,-4.1,1985,1.58
"ctb0639","AMOSTRA-EX-53",NA,-46.23333333,-4.61666667,1985,1.88
"ctb0639","AMOSTRA-EX-54",NA,-45.95,-4.1,1985,0.76
"ctb0639","AMOSTRA-EX-55",NA,-46.01666667,-4.21666667,1985,0.79
"ctb0639","AMOSTRA-EX-56",NA,-46.18333333,-5.7,1985,0.51
"ctb0639","AMOSTRA-EX-57",NA,-46.28333333,-5.38333333,1985,1.18
"ctb0639","AMOSTRA-EX-58",NA,-46.13333333,-5.46666667,1985,1.24
"ctb0639","AMOSTRA-EX-59",NA,-46.26666667,-5.6,1985,0.65
"ctb0639","AMOSTRA-EX-60",NA,-46.2,-5.71666667,1985,1.89
"ctb0639","AMOSTRA-EX-61",NA,-46.2,-5.4,1985,0.92
"ctb0639","AMOSTRA-EXTRA-1",NA,-46.28333333,-4.38333333,1985,1.99
"ctb0639","AMOSTRA-EXTRA-2",NA,-46.33333333,-4.11666667,1985,1.64
"ctb0639","AMOSTRA-EXTRA-3",NA,-46.25,-4.65,1985,3.08
"ctb0639","AMOSTRA-EXTRA-4",NA,-46.26666667,-4.78333333,1985,2.91
"ctb0639","AMOSTRA-EXTRA-5",NA,-46.11666667,-4.63333333,1985,2.78
"ctb0639","AMOSTRA-EXTRA-6",NA,-46.15,-4.63333333,1985,1.63
"ctb0639","AMOSTRA-EXTRA-7",NA,-46.3,-4.5,1985,1.7
"ctb0639","AMOSTRA-EXTRA-8",NA,-46.2,-4.71666667,1985,1.98
"ctb0639","AMOSTRA-EXTRA-9",NA,-46.26666667,-4.48333333,1985,1.33
"ctb0639","PERFIL-1",NA,-46.16666667,-4.61666667,1985,2.83
"ctb0639","PERFIL-10",NA,-45.55,-3.83333333,1985,0.94
"ctb0639","PERFIL-2",NA,-46.18333333,-4.51666667,1985,3.91
"ctb0639","PERFIL-3",NA,-46.18333333,-4.25,1985,2.04
"ctb0639","PERFIL-4",NA,-45.58333333,-3.81666667,1985,0.8
"ctb0639","PERFIL-5",NA,-45.63333333,-3.91666667,1985,1.88
"ctb0639","PERFIL-6",NA,-45.71666667,-4.05,1985,1.33
"ctb0639","PERFIL-7",NA,-46.25,-5.53333333,1985,1.74
"ctb0639","PERFIL-8",NA,-46.66666667,-4.43333333,1985,1.35
"ctb0639","PERFIL-9",NA,-46.08333333,-5.11666667,1985,1.93
"ctb0640","P-IIRCC-1-RJ",NA,-43.71666667,-22.73333333,1985,1.16
"ctb0640","P-IIRCC-10-SP",NA,-47.80694444,-21.99166667,1985,5.93
"ctb0640","P-IIRCC-2-RJ",NA,-43.68333333,-22.75,1985,2.33
"ctb0640","P-IIRCC-4-RJ",NA,-44.51666667,-22.46666667,1985,2.79
"ctb0640","P-IIRCC-6-MG",NA,-45.22055556,-22.16,1985,5.41
"ctb0640","P-IIRCC-7-MG",NA,-45.87444444,-22.23888889,1985,1.92
"ctb0640","P-IIRCC-8-MG",NA,-46.43833333,-21.95166667,1985,3.6
"ctb0641","P-IIIRCC-1-MG",1,-43.96666667,-20.06666667,1985,3.56
"ctb0641","P-IIIRCC-10-PR",1,-51.71666667,-24.3,1985,3.46
"ctb0641","P-IIIRCC-11-PR",1,-51.75,-24.75,1985,8.38
"ctb0641","P-IIIRCC-12-PR",1,-51.53333333,-25.1,1985,3.68
"ctb0641","P-IIIRCC-14-PR",1,-48.9,-25.21666667,1985,4.44
"ctb0641","P-IIIRCC-2-MG",1,-43.43333333,-21.75,1985,1.66
"ctb0641","P-IIIRCC-4-RJ",1,-44.51666667,-22.46666667,1985,2.79
"ctb0641","P-IIIRCC-5-SP",1,-47.16666667,-22.56666667,1985,3.5
"ctb0641","P-IIIRCC-6-SP",1,-47.8,-21.03333333,1985,2.83
"ctb0641","P-IIIRCC-7-SP",1,-47.73333333,-21.35,1985,5.02
"ctb0641","P-IIIRCC-8-SP",1,-50.31666667,-22.55,1985,2.74
"ctb0641","P-IIIRCC-9-PR",1,-51.209663,-23.317245,1985,3.39
"ctb0642","Perfil-28",NA,-43.3833,-15.7833,1985,4.09
"ctb0642","Perfil-47",NA,-43.2333,-15.75,1985,3.36
"ctb0642","Perfil-68",NA,-43.6833,-14.7167,1985,2.67
"ctb0642","Perfil-84",NA,-43.9167,-14.85,1985,2.89
"ctb0643","Perfil-01",1,-51.869375,-30.905739,1999,2.35
"ctb0645","Perfil-13",NA,-45.38333333,-1.65,1985,1.46
"ctb0645","Perfil-3",NA,-45.86666667,-5.68333333,1985,4.08
"ctb0645","Perfil-65",NA,-44.15,-2.55,1985,1.73
"ctb0645","Perfil-66",NA,-47.5,-5.45,1985,3.2
"ctb0645","Perfil-75",NA,-44.33333,-6.216667,1985,2.06
"ctb0645","Perfil-82",NA,-43.35,-4.933333,1985,1.49
"ctb0645","Perfil-87",NA,-43.35,-3.733333,1985,3.33
"ctb0654","01-V-RCC",NA,-34.95167,-7.639722,1998,1.66
"ctb0654","02-V-RCC",NA,-34.95167,-7.640556,1998,1.64
"ctb0654","03-V-RCC",NA,-34.95139,-7.640833,1998,3.24
"ctb0654","04-V-RCC",NA,-37.11083,-5.540556,1997,1.03
"ctb0654","05-V-RCC",NA,-37.24556,-5.364722,1997,1.74
"ctb0654","06-V-RCC",NA,-37.40694,-5.193889,1997,2.01
"ctb0654","07-V-RCC",NA,-37.52306,-5.244722,1997,2.02
"ctb0654","08-V-RCC",NA,-37.6875,-5.478889,1997,3.11
"ctb0654","09-V-RCC",NA,-38.35833,-6.645,1997,1.94
"ctb0654","10-V-RCC",NA,-38.30333,-6.726111,1997,2
"ctb0654","11-V-RCC",NA,-38.255,-6.726944,1997,0.34
"ctb0654","13-V-RCC",NA,-39.19778,-8.128611,1997,1.64
"ctb0654","14-V-RCC",NA,-39.3275,-8.502778,1997,1.09
"ctb0654","15-V-RCC",NA,-40.41642,-9.392922,1997,1
"ctb0654","16-V-RCC",NA,-40.39167,-9.199444,1997,0.81
"ctb0654","19-V-RCC",NA,-40.25194,-9.043889,1997,1.4
"ctb0662","P11",NA,-39.9192,-18.8116,1985,2.57
"ctb0662","P2",NA,-40.7192,-20.0906,1985,5.04
"ctb0662","P43",NA,-40.3115,-19.7935,1985,2.2
"ctb0662","P44",NA,-40.4731,-20.471,1985,5.12
"ctb0662","P45",NA,-40.7269,-19.5326,1985,1.84
"ctb0662","P54",NA,-40.7538,-20.4058,1985,3.55
"ctb0662","P56",NA,-40.7,-19.9348,1985,3.69
"ctb0662","P57",NA,-40.5654,-20.0906,1985,4.76
"ctb0662","P6",NA,-40.4885,-20.3913,1985,2.2
"ctb0662","P60",NA,-41.6077,-21.1413,1985,2.43
"ctb0662","P61",NA,-41.6769,-20.9094,1985,6.68
"ctb0662","P63",NA,-41.7308,-20.5254,1985,2.31
"ctb0662","P64",NA,-41.5385,-20.6196,1985,2.48
"ctb0662","P65",NA,-41.6538,-21.0471,1985,1.61
"ctb0662","P7",NA,-40.2462,-20.2681,1985,4.32
"ctb0662","P71",NA,-40.7962,-20.1413,1985,4.37
"ctb0662","P73",NA,-40.6923,-19.337,1985,1.62
"ctb0662","P79",NA,-40.6846,-19.1377,1985,10.29
"ctb0662","P80",NA,-41.1615,-19.7572,1985,4.73
"ctb0662","P81",NA,-40.9077,-19.4565,1985,1.41
"ctb0662","P84",NA,-39.8846,-18.3261,1985,1.7
"ctb0662","P87",NA,-39.7462,-19.2645,1985,12.95
"ctb0662","P90",NA,-40.8731,-21.1087,1985,1.07
"ctb0670","Perfil-Rio-1",NA,-42.1,-21.1,1985,1.96
"ctb0670","Perfil-Rio-2",NA,-42.21667,-21.43333,1985,4.41
"ctb0670","Perfil-Rio-3",NA,-44.51667,-22.43333,1985,3.67
"ctb0670","Perfil-Rio-4",NA,-44.03333,-22.4,1985,1.84
"ctb0670","Perfil-Rio-5",NA,-43.8,-22.3,1985,3.35
"ctb0670","Perfil-Rio-6",NA,-43.95,-22.6,1985,2.75
"ctb0670","Perfil-Rio-7",NA,-43.68333,-22.75,1985,2.33
"ctb0674","P1",NA,-48.73333,-1.583333,1987,2.03
"ctb0679","Perfil-230",NA,-43.3551,-14.3182,1985,4.35
"ctb0679","Perfil-235",NA,-41.4537,-11.4182,1985,3.04
"ctb0683","1",NA,-55.82672,-21.19013,2004,3.35
"ctb0683","1",NA,-55.90519,-21.21049,2004,3.35
"ctb0683","10",NA,-56.43221,-21.18439,2004,2
"ctb0683","11",NA,-56.02983,-21.16882,2004,1.5
"ctb0683","13",NA,-56.0801,-21.03577,2004,2.17
"ctb0683","15",NA,-56.56238,-21.25516,2004,1.53
"ctb0683","15",NA,-55.93355,-21.23728,2004,1.53
"ctb0683","17",NA,-55.83088,-21.33779,2004,1.85
"ctb0683","21",NA,-55.96432,-21.39838,2004,1.74
"ctb0683","219-RADAM",NA,-55.81667,-21.13333,1985,0.99
"ctb0683","3",NA,-55.90181,-21.28023,2004,4.54
"ctb0683","3",NA,-55.84478,-21.33937,2004,4.54
"ctb0683","39",NA,-56.1175,-21.14599,2004,0
"ctb0683","39",NA,-56.68963,-20.57961,2004,0
"ctb0683","5",NA,-55.78822,-21.31408,2004,1.7
"ctb0683","7",NA,-55.93718,-20.97704,2004,1.77
"ctb0683","9",NA,-56.05735,-20.91142,2004,2.32
"ctb0685","1",NA,-54.93333,-2.9,1985,2.46
"ctb0701","11",NA,-44.4333,-3.7,1985,0.84
"ctb0701","14",NA,-44.3333,-2.85,1985,2.43
"ctb0701","6",NA,-45.6333,-3.1833,1985,1.08
"ctb0702","P-1",NA,-63.24928,-7.880722,1999,3.23
"ctb0702","P-10",NA,-61.86378,-8.021667,2000,1.79
"ctb0702","P-12",NA,-61.59839,-7.938417,2000,2.13
"ctb0702","P-13",NA,-61.52772,-8.090722,2000,2.83
"ctb0702","P-14",NA,-61.522,-8.070861,2000,2.33
"ctb0702","P-15",NA,-61.54236,-7.880111,2000,13.84
"ctb0702","P-16",NA,-61.59839,-7.798472,2000,2
"ctb0702","P-17",NA,-61.48108,-7.854778,2000,2.99
"ctb0702","P-19",NA,-61.28631,-7.842083,2000,2.4
"ctb0702","P-2",NA,-61.74867,-8.336944,1999,0.35
"ctb0702","P-22",NA,-60.62886,-7.256,2000,2.49
"ctb0702","P-23",NA,-60.54489,-7.479917,2000,1.47
"ctb0702","P-24",NA,-59.85614,-7.460333,2000,2.18
"ctb0702","P-25",NA,-59.85406,-7.382306,2000,3.01
"ctb0702","P-26",NA,-59.72825,-7.270861,2000,2.22
"ctb0702","P-27",NA,-60.05136,-7.05075,2000,7.72
"ctb0702","P-28",NA,-60.02853,-7.034306,2000,1.02
"ctb0702","P-29",NA,-59.89533,-7.193972,2000,5.8
"ctb0702","P-3",NA,-61.29961,-7.859417,1999,5.03
"ctb0702","P-30",NA,-59.802,-6.923333,2000,4.84
"ctb0702","P-31",NA,-60.04078,-6.801917,2000,5.52
"ctb0702","P-32",NA,-60.34078,-6.801917,2000,1.38
"ctb0702","P-33",NA,-59.2255,-6.877444,2000,4.25
"ctb0702","P-34",NA,-60.04078,-6.801917,2000,3.88
"ctb0702","P-35",NA,-59.9135,-6.968528,2000,5.17
"ctb0702","P-36",NA,-58.44625,-6.512472,2000,2.39
"ctb0702","P-37",NA,-58.61031,-6.592972,2000,1.51
"ctb0702","P-38",NA,-60.13761,-5.991167,2000,1.68
"ctb0702","P-39",NA,-60.06089,-6.492333,2000,2.81
"ctb0702","P-4",NA,-63.77389,-7.484667,1999,3.15
"ctb0702","P-40",NA,-61.30358,-5.828194,1999,2.95
"ctb0702","P-41",NA,-62.60175,-6.803944,1999,2.78
"ctb0702","P-42",NA,-62.28075,-6.422583,1999,2
"ctb0702","P-43",NA,-61.72594,-6.041694,1999,4.35
"ctb0702","P-44",NA,-61.39072,-5.878472,1999,5.27
"ctb0702","P-45",NA,-61.05772,-5.636417,1999,9.35
"ctb0702","P-46",NA,-61.04997,-5.633139,1999,6.61
"ctb0702","P-47",NA,-61.08331,-5.660889,1999,4.16
"ctb0702","P-48",NA,-60.05219,-4.906944,1999,4.27
"ctb0702","P-49",NA,-60.24244,-5.806639,1999,3.74
"ctb0702","P-5",NA,-62.72956,-7.597361,1999,3.19
"ctb0702","P-50",NA,-60.35533,-5.578778,1999,3.72
"ctb0702","P-55",NA,-62.24539,-6.234139,1999,11.92
"ctb0702","P-6",NA,-62.59678,-7.598833,1999,1.21
"ctb0702","P-9",NA,-63.27111,-7.572361,2000,3.13
"ctb0702","PC-6",NA,-59.92453,-7.246222,1999,3.92
"ctb0765","GWDSM-1",NA,-42.68556,-22.54287,1985,3.85
"ctb0765","GWDSM-2",NA,-42.55084,-22.3776,1985,4.25
"ctb0765","GWDSM-3",NA,-42.52787,-22.25907,1985,5.88
"ctb0765","GWDSM-5",NA,-42.23963,-22.9392,1998,0.41
"ctb0768","204",1,-48.21667,-18.45,1985,1.35
"ctb0772","1",NA,-37.20851,-9.394051,2003,2.27
"ctb0772","10",NA,-37.29186,-9.417908,2003,0.96
"ctb0772","12",NA,-37.17483,-9.337783,2003,4.08
"ctb0772","13",NA,-37.18036,-9.438215,2003,1.37
"ctb0772","15",NA,-37.06768,-9.312501,2003,1.08
"ctb0772","16",NA,-37.35331,-9.416338,2003,3.01
"ctb0772","2",NA,-37.24902,-9.405736,2003,4.36
"ctb0772","3",NA,-37.18511,-9.30943,2003,2.83
"ctb0772","5",NA,-37.29875,-9.355051,2003,2.97
"ctb0772","6",NA,-37.41063,-9.349078,2003,1.58
"ctb0772","7",NA,-37.17727,-9.335869,2003,3.4
"ctb0772","8",NA,-37.16697,-9.387646,2003,0.95
"ctb0777","1",NA,-44.6167,-12.1833,1985,8.74
"ctb0777","11",NA,-44.3833,-13.4333,1985,1.69
"ctb0777","11",NA,-44.3833,-13.4333,1985,1.69
"ctb0777","17",NA,-44.6,-13.3333,1985,4.12
"ctb0777","2",NA,-43.65,-12.8333,1985,2.29
"ctb0777","23",NA,-44.8333,-13.5,1985,3.71
"ctb0777","26",NA,-43.55,-12.8167,1985,2.16
"ctb0777","27",NA,-45,-12.1667,1985,6.09
"ctb0777","3",NA,-44.5,-13.1667,1985,1.25
"ctb0777","36",NA,-44.6,-12.4167,1985,2.56
"ctb0777","38",NA,-44.95,-13.5333,1985,6.32
"ctb0777","4",NA,-43.8167,-12.9833,1985,2.19
"ctb0777","5",NA,-45.3833,-13,1985,2.52
"ctb0777","50",NA,-45.3333,-12.8333,1985,0.71
"ctb0778","P10",NA,-42.19955,-22.34667,2003,5.78
"ctb0778","P11",NA,-43.97016,-22.7024,2003,4.72
"ctb0778","P12",NA,-43.97049,-22.70121,2003,2.94
"ctb0778","P13",NA,-41.96548,-21.40252,2003,1.81
"ctb0778","P14",NA,-41.96502,-21.40174,2003,2.55
"ctb0778","P15",NA,-42.08892,-22.52515,2003,7.43
"ctb0778","P16",NA,-42.08965,-22.52484,2003,5.11
"ctb0778","P2",NA,-43.69895,-22.88073,2003,5.02
"ctb0778","P3",NA,-41.07716,-21.28785,2003,0.96
"ctb0778","P5",NA,-41.26328,-21.77562,2003,6.51
"ctb0778","P6",NA,-41.26211,-21.7747,2003,1.84
"ctb0778","P9",NA,-42.1954,-22.34778,2003,2.1
"ctb0779","PERFIL-18-BA",NA,-39.5,-16.65,1985,1.16
"ctb0793","PERFIL-01",1,-51.52735,-29.23168,1997,3.8
"ctb0793","PERFIL-06",1,-51.52068,-29.21564,1997,4.25
"ctb0793","PERFIL-07",1,-51.51431,-29.23352,1997,6.32
"ctb0793","PERFIL-08",1,-51.55334,-29.20177,1997,4.55
"ctb0793","PERFIL-11",1,-51.54481,-29.1881,1997,5.41
"ctb0793","PERFIL-13",1,-51.53924,-29.17467,1997,5.25
"ctb0793","PERFIL-16",1,-51.57718,-29.16068,1997,2.57
"ctb0793","PERFIL-17",1,-51.5978,-29.16959,1997,5.34
"ctb0793","PERFIL-18",1,-51.5972,-29.14853,1997,7.26
"ctb0793","PERFIL-19",1,-51.56288,-29.14426,1997,11.52
"ctb0793","PERFIL-20",1,-51.57164,-29.14591,1997,3.62
"ctb0796","1",NA,-43.44978,-22.41429,1995,3.81
"ctb0796","10",NA,-43.45093,-22.40513,1995,0.29
"ctb0796","12",NA,-43.46906,-22.39542,1995,2.5
"ctb0796","2",NA,-43.43825,-22.39705,1995,4.95
"ctb0796","3",NA,-43.45722,-22.4156,1995,2.26
"ctb0796","38",NA,-43.3639,-22.39937,1997,3.11
"ctb0796","39",NA,-43.41177,-22.34389,1997,5.8
"ctb0796","40",NA,-43.40171,-22.36305,1997,0.27
"ctb0796","42",NA,-43.41866,-22.31421,1997,3.35
"ctb0796","44",NA,-43.38598,-22.2994,1997,1.42
"ctb0796","45",NA,-43.50354,-22.3411,1997,5.27
"ctb0796","47",NA,-43.45027,-22.31077,1997,4.09
"ctb0796","49",NA,-43.46367,-22.33947,1997,2.8
"ctb0796","5",NA,-43.45127,-22.39805,1995,2.41
"ctb0796","51",NA,-43.4812,-22.37127,1997,4.57
"ctb0796","52",NA,-43.50354,-22.3411,1997,2.15
"ctb0796","53",NA,-43.47165,-22.3071,1997,4.39
"ctb0796","54",NA,-43.49124,-22.30933,1997,3.42
"ctb0796","55",NA,-43.40443,-22.30517,1997,3.67
"ctb0796","56",NA,-43.37288,-22.41097,1997,4.36
"ctb0796","63",NA,-43.33911,-22.30172,1997,2.92
"ctb0796","64",NA,-43.35829,-22.28878,1997,5.19
"ctb0796","65",NA,-43.3616,-22.31515,1997,4.91
"ctb0796","67",NA,-43.33552,-22.31788,1997,2.45
"ctb0796","72",NA,-43.33259,-22.36334,1997,4.78
"ctb0796","76",NA,-43.33105,-22.39057,1997,4.93
"ctb0796","78",NA,-43.32839,-22.41193,1997,3.46
"ctb0796","8",NA,-43.47033,-22.40091,1995,0.43
"ctb0796","83",NA,-43.34169,-22.43717,1997,4.3
"ctb0799","1",NA,-40.68431,-9.447994,2008,1.59
"ctb0799","10",NA,-39.69724,-8.767962,2009,3.4
"ctb0799","11",NA,-39.70326,-8.694618,2009,2.97
"ctb0799","12",NA,-39.70819,-8.757794,2009,9.66
"ctb0799","13",NA,-39.81005,-8.80026,2009,2.05
"ctb0799","14",NA,-39.84453,-8.802627,2009,6.97
"ctb0799","15",NA,-39.87566,-8.790916,2009,1.65
"ctb0799","16",NA,-39.92186,-8.842854,2009,1.77
"ctb0799","17",NA,-39.88652,-8.919,2009,1.49
"ctb0799","18",NA,-39.91241,-8.962602,2009,1.46
"ctb0799","19",NA,-39.92605,-8.972408,2009,0.89
"ctb0799","20",NA,-39.93763,-8.978927,2009,0.94
"ctb0799","21",NA,-39.88866,-8.817122,2009,4.39
"ctb0799","22",NA,-39.99543,-9.013106,2009,2.74
"ctb0799","23",NA,-40.04791,-9.041465,2009,0.88
"ctb0799","24",NA,-40.10461,-9.066422,2009,1.96
"ctb0799","25",NA,-39.92549,-8.992017,2009,1.77
"ctb0799","26",NA,-40.09519,-9.076416,2009,2.21
"ctb0799","27",NA,-40.20561,-9.057946,2009,1.33
"ctb0799","29",NA,-40.15587,-9.071002,2009,1.49
"ctb0799","4",NA,-40.31175,-9.133034,2008,3.53
"ctb0799","6",NA,-39.72638,-8.698717,2009,4.41
"ctb0799","8",NA,-39.69031,-8.65215,2009,2.7
"ctb0799","Am-Extra-01",NA,-40.72629,-9.414375,2008,2.52
"ctb0799","Am-Extra-02",NA,-40.71547,-9.432238,2008,0.96
"ctb0799","Am-Extra-03",NA,-40.59463,-9.462264,2008,1.99
"ctb0799","Am-Extra-04",NA,-40.44025,-9.354588,2008,7.15
"ctb0799","Am-Extra-05",NA,-40.32719,-9.251292,2008,2.22
"ctb0799","Am-Extra-06",NA,-40.29674,-9.137501,2008,6.51
"ctb0799","Am-Extra-07",NA,-39.65142,-8.629208,2009,2.32
"ctb0799","Am-Extra-08",NA,-39.71977,-8.672844,2009,1.67
"ctb0799","Am-Extra-09",NA,-39.65891,-8.617347,2009,2.32
"ctb0799","Am-Extra-10",NA,-39.65891,-8.617347,2009,2.01
"ctb0799","Am-Extra-11",NA,-39.7964,-8.792077,2009,1.2
"ctb0799","Am-Extra-12",NA,-39.83792,-8.762394,2009,1.8
"ctb0799","Am-Extra-13",NA,-39.93792,-8.991135,2009,0.85
"ctb0799","Am-Extra-14",NA,-40.14939,-9.085474,2009,9.57
"ctb0800","P09",NA,-63.27111,-7.572361,2000,3.13
"ctb0800","P10",NA,-61.86378,-8.021667,2000,1.79
"ctb0800","P12",NA,-61.59839,-7.938417,2000,2.13
"ctb0800","P13",NA,-61.52772,-8.090722,2000,2.83
"ctb0800","P14",NA,-61.522,-8.070861,2000,2.33
"ctb0800","P15",NA,-61.54236,-7.880111,2000,13.84
"ctb0800","P16",NA,-61.59839,-7.798472,2000,2
"ctb0800","P17",NA,-61.48108,-7.854778,2000,2.99
"ctb0800","P18",NA,-61.298,-7.858222,2000,11.33
"ctb0800","P19",NA,-61.28631,-7.842083,2000,2.4
"ctb0800","P22",NA,-60.62886,-7.256,2000,2.49
"ctb0800","P23",NA,-60.54489,-7.479917,2000,1.47
"ctb0800","P24",NA,-59.85614,-7.460333,2000,2.18
"ctb0800","P25",NA,-59.85406,-7.382306,2000,3.01
"ctb0800","P26",NA,-59.72825,-7.270861,2000,2.22
"ctb0800","P27",NA,-60.05136,-7.05075,2000,7.72
"ctb0800","P28",NA,-60.02853,-7.034306,2000,1.02
"ctb0800","P29",NA,-59.89533,-7.193972,2000,5.8
"ctb0800","P30",NA,-59.802,-6.923333,2000,4.84
"ctb0800","P31",NA,-60.04078,-6.801917,2000,5.52
"ctb0800","P32",NA,-60.04078,-6.801917,2000,1.38
"ctb0800","P33",NA,-59.2255,-6.877444,2000,4.25
"ctb0800","P34",NA,-60.04078,-6.801917,2000,3.88
"ctb0800","P35",NA,-59.9135,-6.968528,2000,5.17
"ctb0800","P36",NA,-58.44625,-6.512472,2000,2.39
"ctb0800","P37",NA,-58.61031,-6.592972,2000,1.51
"ctb0800","P38",NA,-60.13761,-5.991167,2000,1.68
"ctb0800","P39",NA,-60.06089,-6.492333,2000,2.81
"ctb0800","P40",NA,-61.30358,-5.828194,1999,2.95
"ctb0800","P41",NA,-62.60175,-6.803944,1999,2.91
"ctb0800","P42",NA,-62.28075,-6.422583,1999,2
"ctb0800","P43",NA,-61.72594,-6.041694,1999,4.35
"ctb0800","P44",NA,-61.39072,-5.878472,1999,5.27
"ctb0800","P45",NA,-61.05772,-5.636417,1999,9.35
"ctb0800","P46",NA,-61.04997,-5.633139,1999,6.61
"ctb0800","P47",NA,-61.08331,-5.660889,1999,4.16
"ctb0800","P48",NA,-60.05219,-4.906944,1999,4.27
"ctb0800","P49",NA,-60.24244,-5.806639,1999,3.74
"ctb0800","P50",NA,-60.35533,-5.578778,1999,3.72
"ctb0800","P55",NA,-62.24539,-6.234139,1999,11.92
"ctb0807","P02",NA,-43.25567,-22.91014,1998,3.1
"ctb0807","P05",NA,-43.3146,-22.91035,1998,2.81
"ctb0807","P08",NA,-43.29148,-22.91522,1998,2.43
"ctb0807","P10",NA,-43.28306,-22.92029,1998,3.5
"ctb0807","P12",NA,-43.27371,-22.94327,1998,2.37
"ctb0807","P13",NA,-43.27225,-22.97148,1985,4.22
"ctb0807","P14",NA,-43.26491,-22.93809,1998,2.65
"ctb0807","P15",NA,-43.26289,-22.93398,1998,2.13
"ctb0807","P17",NA,-43.23882,-22.94453,1998,2.04
"ctb0807","P19",NA,-43.22829,-22.9337,1998,3.16
"ctb0807","P21",NA,-43.22216,-22.9406,1998,2.96
"ctb0807","P22",NA,-43.2138,-22.93015,1998,3.97
"ctb0807","P23",NA,-43.2129,-22.93932,1998,3.67
"ctb0807","P24",NA,-43.20608,-22.93311,1998,3.25
"ctb0808","GB-10",NA,-43.65453,-22.8783,1985,1.87
"ctb0808","GB-11",NA,-43.68695,-22.95869,1985,1.43
"ctb0808","GB-15",NA,-43.46553,-22.90037,1985,4.05
"ctb0808","GB-17",NA,-43.54715,-23.05375,1985,8.03
"ctb0808","GB-20",NA,-43.31877,-22.93186,1985,2.88
"ctb0808","GB-21",NA,-43.38892,-22.89826,1985,2.93
"ctb0808","GB-22",NA,-43.32907,-22.96962,1985,2.1
"ctb0808","GB-24",NA,-43.27225,-22.97148,1985,4.22
"ctb0808","GB-28",NA,-43.35685,-22.93619,1985,2.06
"ctb0808","GB-9",NA,-43.55853,-22.93644,1985,1.33
"ctb0811","110",NA,-42.01111,-22.85139,1998,3.29
"ctb0811","12",NA,-42.28472,-22.55111,1998,2.55
"ctb0811","17",NA,-42.41,-22.66667,1998,1.7
"ctb0811","2",NA,-42.47583,-22.60722,1998,2.49
"ctb0811","23",NA,-42.26389,-22.69722,1998,2.02
"ctb0811","26",NA,-42.20806,-22.54389,1998,5.12
"ctb0811","34",NA,-42.05111,-22.53472,1998,9.66
"ctb0811","37",NA,-42.02917,-22.52222,1998,2.83
"ctb0811","5",NA,-42.40917,-22.53667,1998,2.52
"ctb0811","50",NA,-42.08611,-22.66667,1987,3.63
"ctb0811","57",NA,-42.05556,-22.73611,1987,2.3
"ctb0811","73",NA,-42.41111,-22.80833,1998,2.45
"ctb0811","79",NA,-42.3125,-22.84028,1998,1.52
"ctb0811","8",NA,-42.37083,-22.55833,1991,1.95
"ctb0811","8",NA,-42.38,-22.605,1998,1.95
"ctb0811","83",NA,-42.23889,-22.93889,1998,0.41
"ctb0811","88",NA,-42.18333,-22.75694,1998,1.82
"ctb0811","99",NA,-42.06806,-22.80278,1998,0.86
"ctb0817","Perfil-A",NA,-58.01667,-16.15,1985,1.55
"ctb0817","Perfil-C",NA,-57.53333,-14.61667,1985,4.67
"ctb0817","Perfil-D",NA,-56.58333,-14.21667,1996,0.98
"ctb0826","E1",NA,-47.1,-16.4,1985,3.47
"ctb0826","E10",NA,-45.7,-15.33333,1985,3.12
"ctb0826","E11",NA,-45.38333,-17.58333,1985,2.4
"ctb0826","E12",NA,-46.46667,-17.51667,1985,1.78
"ctb0826","E13",NA,-45.93333,-15.4,1985,1.49
"ctb0826","E14",NA,-45.75,-18,1985,0.53
"ctb0826","E15",NA,-47.11667,-16.85,1985,4.18
"ctb0826","E16",NA,-46.98333,-16.06667,1985,11.8
"ctb0826","E17",NA,-46.18333,-15.86667,1985,1.4
"ctb0826","E18",NA,-46.5,-15.1,1985,2.09
"ctb0826","E19",NA,-46.5,-15.11667,1985,7.2
"ctb0826","E2",NA,-45.91667,-16.03333,1985,4.67
"ctb0826","E21",NA,-45.88333,-15.81667,1985,2
"ctb0826","E22",NA,-46.16667,-15.03333,1985,1.52
"ctb0826","E23",NA,-46.15604,-14.92893,1985,1.3
"ctb0826","E24",NA,-46.05,-14.91667,1985,0.86
"ctb0826","E25",NA,-45.63333,-16.78333,1985,3.76
"ctb0826","E3",NA,-46.13333,-17.83333,1985,2.55
"ctb0826","E4",NA,-46.86667,-17.96667,1985,4.12
"ctb0826","E6",NA,-46.86667,-18.01667,1985,4.4
"ctb0826","E7",NA,-46.38333,-14.9,1985,3.39
"ctb0826","E8",NA,-46.36667,-15.05,1985,3.97
"ctb0826","E9",NA,-46.41667,-16.35,1985,5.03
"ctb0826","P1",NA,-46.61667,-16.68333,1985,2.3
"ctb0826","P10",NA,-46.41667,-15.88333,1985,1.88
"ctb0826","P11",NA,-46.6,-17.2,1985,1.54
"ctb0826","P12",NA,-46.46667,-17.61667,1985,0.64
"ctb0826","P13",NA,-46.05,-16.55,1985,0.88
"ctb0826","P15",NA,-46.3,-17.56667,1985,0.73
"ctb0826","P18",NA,-46.33333,-15.93333,1985,4.73
"ctb0826","P2",NA,-46.08333,-16.86667,1985,2.21
"ctb0826","P20",NA,-46.41667,-18.46667,1985,11.11
"ctb0826","P21",NA,-47.05,-17.75,1985,4.03
"ctb0826","P22",NA,-46.81667,-16.36667,1987,3.63
"ctb0826","P24",NA,-45.86667,-16.08333,1985,0.54
"ctb0826","P25",NA,-46.31667,-17.76667,1985,2.54
"ctb0826","P26",NA,-45.93333,-15.98333,1985,1.6
"ctb0826","P28",NA,-46.01667,-16.66667,1985,0.62
"ctb0826","P29",NA,-46.78333,-16.23333,1985,3.02
"ctb0826","P3",NA,-45.93333,-16.95,1985,2.76
"ctb0826","P4",NA,-46.05,-18.4,1985,6.51
"ctb0826","P6",NA,-47.16667,-16.05,1985,2.34
"ctb0826","P8",NA,-46.4,-18.48333,1985,0.48
"ctb0826","PC1",NA,-46.66667,-17.43333,1985,3.17
"ctb0826","PC10",NA,-46.93333,-17.08333,1985,3.97
"ctb0826","PC11",NA,-46.28333,-18.55,1985,5.29
"ctb0826","PC14",NA,-46.6,-16.16667,1985,2.95
"ctb0826","PC15",NA,-46.46667,-15.85,1985,3.57
"ctb0826","PC16",NA,-45.76667,-15.36667,1985,1.77
"ctb0826","PC2",NA,-46.53333,-18.28333,1985,4.86
"ctb0826","PC23",NA,-46.03333,-15.85,1985,1.26
"ctb0826","PC26",NA,-46.86667,-18.06667,1985,2.67
"ctb0826","PC27",NA,-46.55,-15.76667,1985,2.16
"ctb0826","PC28",NA,-46.53333,-16.46667,1985,1.95
"ctb0826","PC29",NA,-45.43333,-17.66667,1985,1.9
"ctb0826","PC3",NA,-47.06667,-16.95,1985,3.47
"ctb0826","PC30",NA,-46.38333,-17.55,1985,1.07
"ctb0826","PC31",NA,-46.65,-17.56667,1985,3.47
"ctb0826","PC32",NA,-45.56667,-17.6,1985,0.85
"ctb0826","PC33",NA,-46.46667,-16.55,1985,1.01
"ctb0826","PC34",NA,-46.03333,-17.03333,1985,1.12
"ctb0826","PC35",NA,-46.93333,-16.21667,1985,0.72
"ctb0826","PC36",NA,-46.23333,-17.8,1985,3.64
"ctb0826","PC4",NA,-46.56667,-17.33333,1985,2.98
"ctb0826","PC8",NA,-46.08333,-16.86667,1985,2.73
"ctb0826","PC9",NA,-47,-17.25,1985,5.02
"ctb0829","E10",NA,-61.51289,-7.862833,1999,3.14
"ctb0829","E12",NA,-62.66667,-7.65,1999,4.4
"ctb0829","E9",NA,-62.57719,-7.679806,1999,3.06
"ctb0829","P-60",NA,-61.072,-5.6545,1999,1.9
"ctb0829","P-70",NA,-63.10169,-7.005917,2000,1.27
"ctb0829","P10",NA,-61.86378,-8.021667,2000,1.79
"ctb0829","P12",NA,-61.59839,-7.938417,2000,2.13
"ctb0829","P13",NA,-61.52772,-8.090722,2000,2.83
"ctb0829","P15",NA,-61.54236,-7.880111,2000,13.84
"ctb0829","P16",NA,-61.59839,-7.798472,2000,2
"ctb0829","P17",NA,-61.48108,-7.854778,2000,2.99
"ctb0829","P2",NA,-61.74867,-8.336944,1999,0.35
"ctb0829","P22",NA,-60.62886,-7.256,2000,2.49
"ctb0829","P23",NA,-60.54489,-7.479917,2000,1.47
"ctb0829","P24",NA,-59.85614,-7.460333,2000,2.18
"ctb0829","P26",NA,-59.72825,-7.270861,2000,2.22
"ctb0829","P27",NA,-60.05136,-7.05075,2000,7.72
"ctb0829","P28",NA,-60.02853,-7.034306,2000,1.02
"ctb0829","P29",NA,-59.89533,-7.193972,2000,5.8
"ctb0829","P3",NA,-61.29961,-7.859417,1999,5.03
"ctb0829","P30",NA,-59.802,-6.923333,2000,4.84
"ctb0829","P31",NA,-60.04078,-6.801917,2000,5.52
"ctb0829","P32",NA,-60.04008,-6.801806,2000,1.38
"ctb0829","P33",NA,-59.2255,-6.877444,2000,4.25
"ctb0829","P34",NA,-59.2255,-6.877444,2000,4.25
"ctb0829","P35",NA,-59.9135,-6.968528,2000,5.17
"ctb0829","P36",NA,-58.44625,-6.512472,2000,2.17
"ctb0829","P37",NA,-58.61031,-6.592972,2000,1.51
"ctb0829","P38",NA,-60.13761,-5.991167,2000,1.68
"ctb0829","P39",NA,-60.06089,-6.492333,2000,2.81
"ctb0829","P4",NA,-63.77389,-7.484667,1999,3.15
"ctb0829","P40",NA,-61.30358,-5.828194,1999,2.95
"ctb0829","P41",NA,-62.60175,-6.803944,1999,2.78
"ctb0829","P42",NA,-62.28075,-6.422583,1999,2
"ctb0829","P43",NA,-61.72594,-6.041694,1999,4.35
"ctb0829","P44",NA,-61.39072,-5.878472,1999,5.27
"ctb0829","P45",NA,-61.05772,-5.636417,1999,9.35
"ctb0829","P47",NA,-61.08331,-5.660889,1999,4.16
"ctb0829","P48",NA,-60.05219,-4.906944,1999,4.27
"ctb0829","P5",NA,-62.72956,-7.597361,1999,3.19
"ctb0829","P52",NA,-62.96139,-7.368611,1999,3.01
"ctb0829","P53",NA,-62.85672,-7.016028,1999,3.85
"ctb0829","P54",NA,-62.60211,-6.788,1999,1.72
"ctb0829","P55",NA,-62.24539,-6.234139,1999,11.92
"ctb0829","P56",NA,-61.70642,-6.054833,1999,5.71
"ctb0829","P57",NA,-61.39422,-5.905556,1999,9.95
"ctb0829","P59",NA,-60.98392,-5.606861,1999,3.86
"ctb0829","P6",NA,-62.59678,-7.6655,1999,1.21
"ctb0829","P61",NA,-60.04333,-4.904861,1999,1.13
"ctb0829","P62",NA,-60.2285,-5.846667,1999,1.33
"ctb0829","P63",NA,-60.37411,-5.590278,1999,8.1
"ctb0829","P64",NA,-63.25053,-7.509722,2000,7.71
"ctb0829","P65",NA,-63.19658,-7.368528,2000,3.08
"ctb0829","P66",NA,-62.80369,-6.366194,2000,3.7
"ctb0829","P67",NA,-62.89625,-6.489111,2000,0.53
"ctb0829","P68",NA,-62.88481,-6.464639,2000,2.34
"ctb0829","P69",NA,-63.07253,-6.90325,2000,3.01
"ctb0829","P7",NA,-59.92453,-7.246222,1999,3.92
"ctb0829","P71",NA,-63.13947,-7.218528,2000,3.16
"ctb0829","P74",NA,-61.85581,-8.086333,2000,0.62
"ctb0829","P75",NA,-61.94522,-8.015333,2000,0.33
"ctb0829","P76",NA,-61.99978,-7.993722,2000,0.51
"ctb0829","P77",NA,-62.56597,-7.689833,2000,3.9
"ctb0829","P78",NA,-62.38147,-7.79275,2000,2.69
"ctb0829","P79",NA,-62.78139,-7.575556,2000,5.41
"ctb0829","P80",NA,-63.13028,-7.62,2000,19.03
"ctb0829","P81",NA,-63.128,-7.598333,2000,2.17
"ctb0829","P82",NA,-63.12672,-7.578611,2000,2.76
"ctb0829","P83",NA,-64.68,-7.444111,2000,2.7
"ctb0829","P84",NA,-64.67528,-7.4025,2000,3.08
"ctb0829","P85",NA,-64.3375,-7.4775,2000,2.11
"ctb0829","P86",NA,-62.17583,-5.575556,1999,1.55
"ctb0829","P95",NA,-61.77233,-8.005361,2000,2.63
